/media/huiyu/Data/Project/Ubuntu/Tools/semi-auto-image-annotation-tool-master/Image/1.png,92,162,152,235,face
/media/huiyu/Data/Project/Ubuntu/Tools/semi-auto-image-annotation-tool-master/Image/1.png,67,158,194,327,people
/media/huiyu/Data/Project/Ubuntu/Tools/semi-auto-image-annotation-tool-master/Image/10.png,250,81,376,233,face
/media/huiyu/Data/Project/Ubuntu/Tools/semi-auto-image-annotation-tool-master/Image/10.png,196,75,453,365,people
/media/huiyu/Data/Project/Ubuntu/Tools/semi-auto-image-annotation-tool-master/Image/10.png,397,51,461,190,people background
/media/huiyu/Data/Project/Ubuntu/Tools/semi-auto-image-annotation-tool-master/Image/10.png,449,9,509,312,people background
/media/huiyu/Data/Project/Ubuntu/Tools/semi-auto-image-annotation-tool-master/Image/10.png,42,31,262,150,text
/media/huiyu/Data/Project/Ubuntu/Tools/semi-auto-image-annotation-tool-master/Image/10.png,291,219,452,297,hand
/media/huiyu/Data/Project/Ubuntu/Tools/semi-auto-image-annotation-tool-master/Image/100.png,190,142,268,219,animal
/media/huiyu/Data/Project/Ubuntu/Tools/semi-auto-image-annotation-tool-master/Image/100.png,271,5,497,179,plant
/media/huiyu/Data/Project/Ubuntu/Tools/semi-auto-image-annotation-tool-master/Image/100.png,2,2,185,92,plant
/media/huiyu/Data/Project/Ubuntu/Tools/semi-auto-image-annotation-tool-master/Image/101.png,6,192,496,302,people group
/media/huiyu/Data/Project/Ubuntu/Tools/semi-auto-image-annotation-tool-master/Image/101.png,70,117,134,198,building
/media/huiyu/Data/Project/Ubuntu/Tools/semi-auto-image-annotation-tool-master/Image/101.png,217,4,415,212,building
/media/huiyu/Data/Project/Ubuntu/Tools/semi-auto-image-annotation-tool-master/Image/101.png,401,36,459,231,object
/media/huiyu/Data/Project/Ubuntu/Tools/semi-auto-image-annotation-tool-master/Image/102.png,122,161,446,280,car
/media/huiyu/Data/Project/Ubuntu/Tools/semi-auto-image-annotation-tool-master/Image/102.png,76,4,206,197,plant
/media/huiyu/Data/Project/Ubuntu/Tools/semi-auto-image-annotation-tool-master/Image/102.png,314,6,494,161,building
/media/huiyu/Data/Project/Ubuntu/Tools/semi-auto-image-annotation-tool-master/Image/102.png,38,91,67,244,object
/media/huiyu/Data/Project/Ubuntu/Tools/semi-auto-image-annotation-tool-master/Image/103.png,104,51,453,288,building
/media/huiyu/Data/Project/Ubuntu/Tools/semi-auto-image-annotation-tool-master/Image/104.png,65,84,327,487,animal
/media/huiyu/Data/Project/Ubuntu/Tools/semi-auto-image-annotation-tool-master/Image/106.png,46,86,333,444,object
/media/huiyu/Data/Project/Ubuntu/Tools/semi-auto-image-annotation-tool-master/Image/107.png,40,90,492,312,train
/media/huiyu/Data/Project/Ubuntu/Tools/semi-auto-image-annotation-tool-master/Image/108.png,32,164,152,492,people
/media/huiyu/Data/Project/Ubuntu/Tools/semi-auto-image-annotation-tool-master/Image/108.png,219,47,363,495,people
/media/huiyu/Data/Project/Ubuntu/Tools/semi-auto-image-annotation-tool-master/Image/108.png,55,165,132,242,face
/media/huiyu/Data/Project/Ubuntu/Tools/semi-auto-image-annotation-tool-master/Image/108.png,219,45,294,133,face
/media/huiyu/Data/Project/Ubuntu/Tools/semi-auto-image-annotation-tool-master/Image/108.png,159,229,231,336,hand
/media/huiyu/Data/Project/Ubuntu/Tools/semi-auto-image-annotation-tool-master/Image/109.png,190,58,290,182,face
/media/huiyu/Data/Project/Ubuntu/Tools/semi-auto-image-annotation-tool-master/Image/109.png,135,61,355,492,people
/media/huiyu/Data/Project/Ubuntu/Tools/semi-auto-image-annotation-tool-master/Image/109.png,34,122,136,229,hand
/media/huiyu/Data/Project/Ubuntu/Tools/semi-auto-image-annotation-tool-master/Image/11.png,310,27,394,221,plant
/media/huiyu/Data/Project/Ubuntu/Tools/semi-auto-image-annotation-tool-master/Image/11.png,411,42,483,184,plant
/media/huiyu/Data/Project/Ubuntu/Tools/semi-auto-image-annotation-tool-master/Image/110.png,92,69,359,312,animal
/media/huiyu/Data/Project/Ubuntu/Tools/semi-auto-image-annotation-tool-master/Image/111.png,199,134,313,324,people
/media/huiyu/Data/Project/Ubuntu/Tools/semi-auto-image-annotation-tool-master/Image/111.png,268,209,314,255,hand
/media/huiyu/Data/Project/Ubuntu/Tools/semi-auto-image-annotation-tool-master/Image/112.png,296,165,367,301,people
/media/huiyu/Data/Project/Ubuntu/Tools/semi-auto-image-annotation-tool-master/Image/112.png,164,15,250,282,building
/media/huiyu/Data/Project/Ubuntu/Tools/semi-auto-image-annotation-tool-master/Image/112.png,296,23,398,157,building
/media/huiyu/Data/Project/Ubuntu/Tools/semi-auto-image-annotation-tool-master/Image/113.png,311,239,475,339,ship
/media/huiyu/Data/Project/Ubuntu/Tools/semi-auto-image-annotation-tool-master/Image/114.png,134,145,349,266,ship
/media/huiyu/Data/Project/Ubuntu/Tools/semi-auto-image-annotation-tool-master/Image/115.png,83,107,191,231,face
/media/huiyu/Data/Project/Ubuntu/Tools/semi-auto-image-annotation-tool-master/Image/115.png,228,109,267,147,face
/media/huiyu/Data/Project/Ubuntu/Tools/semi-auto-image-annotation-tool-master/Image/115.png,52,102,217,364,people
/media/huiyu/Data/Project/Ubuntu/Tools/semi-auto-image-annotation-tool-master/Image/115.png,222,104,286,253,people
/media/huiyu/Data/Project/Ubuntu/Tools/semi-auto-image-annotation-tool-master/Image/115.png,314,108,424,364,people
/media/huiyu/Data/Project/Ubuntu/Tools/semi-auto-image-annotation-tool-master/Image/116.png,43,20,106,103,face
/media/huiyu/Data/Project/Ubuntu/Tools/semi-auto-image-annotation-tool-master/Image/116.png,216,91,278,170,face
/media/huiyu/Data/Project/Ubuntu/Tools/semi-auto-image-annotation-tool-master/Image/116.png,440,79,495,150,face
/media/huiyu/Data/Project/Ubuntu/Tools/semi-auto-image-annotation-tool-master/Image/116.png,3,17,147,248,people
/media/huiyu/Data/Project/Ubuntu/Tools/semi-auto-image-annotation-tool-master/Image/116.png,179,85,311,287,people
/media/huiyu/Data/Project/Ubuntu/Tools/semi-auto-image-annotation-tool-master/Image/116.png,398,72,509,267,people
/media/huiyu/Data/Project/Ubuntu/Tools/semi-auto-image-annotation-tool-master/Image/116.png,285,203,414,297,hand
/media/huiyu/Data/Project/Ubuntu/Tools/semi-auto-image-annotation-tool-master/Image/117.png,190,18,276,127,face
/media/huiyu/Data/Project/Ubuntu/Tools/semi-auto-image-annotation-tool-master/Image/117.png,178,17,328,176,people
/media/huiyu/Data/Project/Ubuntu/Tools/semi-auto-image-annotation-tool-master/Image/117.png,4,2,155,239,people
/media/huiyu/Data/Project/Ubuntu/Tools/semi-auto-image-annotation-tool-master/Image/117.png,145,158,356,365,hand
/media/huiyu/Data/Project/Ubuntu/Tools/semi-auto-image-annotation-tool-master/Image/118.png,190,13,278,134,face
/media/huiyu/Data/Project/Ubuntu/Tools/semi-auto-image-annotation-tool-master/Image/118.png,108,9,390,357,people
/media/huiyu/Data/Project/Ubuntu/Tools/semi-auto-image-annotation-tool-master/Image/118.png,291,197,422,315,hand
/media/huiyu/Data/Project/Ubuntu/Tools/semi-auto-image-annotation-tool-master/Image/119.png,204,109,258,214,face
/media/huiyu/Data/Project/Ubuntu/Tools/semi-auto-image-annotation-tool-master/Image/119.png,363,6,476,116,face
/media/huiyu/Data/Project/Ubuntu/Tools/semi-auto-image-annotation-tool-master/Image/119.png,17,78,120,219,face
/media/huiyu/Data/Project/Ubuntu/Tools/semi-auto-image-annotation-tool-master/Image/119.png,276,141,417,301,text
/media/huiyu/Data/Project/Ubuntu/Tools/semi-auto-image-annotation-tool-master/Image/120.png,158,85,298,209,animal
/media/huiyu/Data/Project/Ubuntu/Tools/semi-auto-image-annotation-tool-master/Image/121.png,101,139,187,241,face
/media/huiyu/Data/Project/Ubuntu/Tools/semi-auto-image-annotation-tool-master/Image/121.png,189,29,295,162,face
/media/huiyu/Data/Project/Ubuntu/Tools/semi-auto-image-annotation-tool-master/Image/121.png,81,134,217,366,people
/media/huiyu/Data/Project/Ubuntu/Tools/semi-auto-image-annotation-tool-master/Image/121.png,178,29,318,368,people
/media/huiyu/Data/Project/Ubuntu/Tools/semi-auto-image-annotation-tool-master/Image/122.png,5,191,89,449,people
/media/huiyu/Data/Project/Ubuntu/Tools/semi-auto-image-annotation-tool-master/Image/123.png,26,69,173,258,animal
/media/huiyu/Data/Project/Ubuntu/Tools/semi-auto-image-annotation-tool-master/Image/123.png,178,124,477,254,animal
/media/huiyu/Data/Project/Ubuntu/Tools/semi-auto-image-annotation-tool-master/Image/124.png,137,78,352,223,animal
/media/huiyu/Data/Project/Ubuntu/Tools/semi-auto-image-annotation-tool-master/Image/125.png,95,108,412,282,food
/media/huiyu/Data/Project/Ubuntu/Tools/semi-auto-image-annotation-tool-master/Image/126.png,29,21,289,356,text
/media/huiyu/Data/Project/Ubuntu/Tools/semi-auto-image-annotation-tool-master/Image/127.png,97,141,140,194,face
/media/huiyu/Data/Project/Ubuntu/Tools/semi-auto-image-annotation-tool-master/Image/127.png,177,134,227,189,face
/media/huiyu/Data/Project/Ubuntu/Tools/semi-auto-image-annotation-tool-master/Image/127.png,68,134,158,488,people
/media/huiyu/Data/Project/Ubuntu/Tools/semi-auto-image-annotation-tool-master/Image/127.png,169,131,272,462,people
/media/huiyu/Data/Project/Ubuntu/Tools/semi-auto-image-annotation-tool-master/Image/128.png,182,74,423,276,object
/media/huiyu/Data/Project/Ubuntu/Tools/semi-auto-image-annotation-tool-master/Image/13.png,159,59,410,290,animal
/media/huiyu/Data/Project/Ubuntu/Tools/semi-auto-image-annotation-tool-master/Image/130.png,66,24,264,414,building
/media/huiyu/Data/Project/Ubuntu/Tools/semi-auto-image-annotation-tool-master/Image/131.png,14,52,223,228,food
/media/huiyu/Data/Project/Ubuntu/Tools/semi-auto-image-annotation-tool-master/Image/131.png,276,78,497,233,food
/media/huiyu/Data/Project/Ubuntu/Tools/semi-auto-image-annotation-tool-master/Image/132.png,125,204,212,293,face
/media/huiyu/Data/Project/Ubuntu/Tools/semi-auto-image-annotation-tool-master/Image/132.png,91,134,287,496,people
/media/huiyu/Data/Project/Ubuntu/Tools/semi-auto-image-annotation-tool-master/Image/132.png,54,84,371,148,text
/media/huiyu/Data/Project/Ubuntu/Tools/semi-auto-image-annotation-tool-master/Image/133.png,163,115,422,299,plant
/media/huiyu/Data/Project/Ubuntu/Tools/semi-auto-image-annotation-tool-master/Image/134.png,114,26,204,214,people
/media/huiyu/Data/Project/Ubuntu/Tools/semi-auto-image-annotation-tool-master/Image/134.png,10,134,316,338,animal
/media/huiyu/Data/Project/Ubuntu/Tools/semi-auto-image-annotation-tool-master/Image/135.png,196,20,346,215,animal
/media/huiyu/Data/Project/Ubuntu/Tools/semi-auto-image-annotation-tool-master/Image/136.png,131,132,371,317,text
/media/huiyu/Data/Project/Ubuntu/Tools/semi-auto-image-annotation-tool-master/Image/137.png,264,174,314,235,face
/media/huiyu/Data/Project/Ubuntu/Tools/semi-auto-image-annotation-tool-master/Image/137.png,234,173,355,490,people
/media/huiyu/Data/Project/Ubuntu/Tools/semi-auto-image-annotation-tool-master/Image/137.png,45,17,251,174,building
/media/huiyu/Data/Project/Ubuntu/Tools/semi-auto-image-annotation-tool-master/Image/138.png,141,191,230,290,face
/media/huiyu/Data/Project/Ubuntu/Tools/semi-auto-image-annotation-tool-master/Image/138.png,130,181,311,490,people
/media/huiyu/Data/Project/Ubuntu/Tools/semi-auto-image-annotation-tool-master/Image/138.png,70,249,136,313,hand
/media/huiyu/Data/Project/Ubuntu/Tools/semi-auto-image-annotation-tool-master/Image/139.png,176,79,227,127,face
/media/huiyu/Data/Project/Ubuntu/Tools/semi-auto-image-annotation-tool-master/Image/139.png,141,129,212,188,object
/media/huiyu/Data/Project/Ubuntu/Tools/semi-auto-image-annotation-tool-master/Image/139.png,404,129,465,167,object
/media/huiyu/Data/Project/Ubuntu/Tools/semi-auto-image-annotation-tool-master/Image/139.png,287,222,422,367,animal
/media/huiyu/Data/Project/Ubuntu/Tools/semi-auto-image-annotation-tool-master/Image/14.png,90,277,114,310,face
/media/huiyu/Data/Project/Ubuntu/Tools/semi-auto-image-annotation-tool-master/Image/14.png,159,273,183,298,face
/media/huiyu/Data/Project/Ubuntu/Tools/semi-auto-image-annotation-tool-master/Image/14.png,426,168,449,197,face
/media/huiyu/Data/Project/Ubuntu/Tools/semi-auto-image-annotation-tool-master/Image/14.png,71,277,124,363,people
/media/huiyu/Data/Project/Ubuntu/Tools/semi-auto-image-annotation-tool-master/Image/14.png,137,272,180,375,people
/media/huiyu/Data/Project/Ubuntu/Tools/semi-auto-image-annotation-tool-master/Image/14.png,418,167,466,364,people
/media/huiyu/Data/Project/Ubuntu/Tools/semi-auto-image-annotation-tool-master/Image/14.png,186,356,231,392,object
/media/huiyu/Data/Project/Ubuntu/Tools/semi-auto-image-annotation-tool-master/Image/14.png,191,29,379,340,plant
/media/huiyu/Data/Project/Ubuntu/Tools/semi-auto-image-annotation-tool-master/Image/140.png,198,116,233,201,people
/media/huiyu/Data/Project/Ubuntu/Tools/semi-auto-image-annotation-tool-master/Image/140.png,249,123,299,185,people
/media/huiyu/Data/Project/Ubuntu/Tools/semi-auto-image-annotation-tool-master/Image/141.png,1,40,75,244,people
/media/huiyu/Data/Project/Ubuntu/Tools/semi-auto-image-annotation-tool-master/Image/141.png,109,173,243,241,hand
/media/huiyu/Data/Project/Ubuntu/Tools/semi-auto-image-annotation-tool-master/Image/141.png,210,274,367,369,food
/media/huiyu/Data/Project/Ubuntu/Tools/semi-auto-image-annotation-tool-master/Image/142.png,2,56,65,158,face
/media/huiyu/Data/Project/Ubuntu/Tools/semi-auto-image-annotation-tool-master/Image/142.png,151,110,232,215,face
/media/huiyu/Data/Project/Ubuntu/Tools/semi-auto-image-annotation-tool-master/Image/142.png,311,41,450,192,face
/media/huiyu/Data/Project/Ubuntu/Tools/semi-auto-image-annotation-tool-master/Image/142.png,4,45,89,328,people
/media/huiyu/Data/Project/Ubuntu/Tools/semi-auto-image-annotation-tool-master/Image/142.png,137,94,272,323,people
/media/huiyu/Data/Project/Ubuntu/Tools/semi-auto-image-annotation-tool-master/Image/142.png,303,37,485,318,people
/media/huiyu/Data/Project/Ubuntu/Tools/semi-auto-image-annotation-tool-master/Image/143.png,64,158,237,326,food
/media/huiyu/Data/Project/Ubuntu/Tools/semi-auto-image-annotation-tool-master/Image/144.png,79,109,277,257,car
/media/huiyu/Data/Project/Ubuntu/Tools/semi-auto-image-annotation-tool-master/Image/144.png,36,74,79,234,people
/media/huiyu/Data/Project/Ubuntu/Tools/semi-auto-image-annotation-tool-master/Image/144.png,116,59,162,105,people
/media/huiyu/Data/Project/Ubuntu/Tools/semi-auto-image-annotation-tool-master/Image/144.png,280,89,325,238,people
/media/huiyu/Data/Project/Ubuntu/Tools/semi-auto-image-annotation-tool-master/Image/144.png,452,117,501,261,people
/media/huiyu/Data/Project/Ubuntu/Tools/semi-auto-image-annotation-tool-master/Image/145.png,119,55,199,366,object
/media/huiyu/Data/Project/Ubuntu/Tools/semi-auto-image-annotation-tool-master/Image/146.png,46,213,490,273,people group
/media/huiyu/Data/Project/Ubuntu/Tools/semi-auto-image-annotation-tool-master/Image/146.png,133,96,408,204,object
/media/huiyu/Data/Project/Ubuntu/Tools/semi-auto-image-annotation-tool-master/Image/147.png,82,76,271,154,text
/media/huiyu/Data/Project/Ubuntu/Tools/semi-auto-image-annotation-tool-master/Image/147.png,86,287,149,379,text
/media/huiyu/Data/Project/Ubuntu/Tools/semi-auto-image-annotation-tool-master/Image/147.png,133,180,253,365,object
/media/huiyu/Data/Project/Ubuntu/Tools/semi-auto-image-annotation-tool-master/Image/147.png,275,288,326,382,object
/media/huiyu/Data/Project/Ubuntu/Tools/semi-auto-image-annotation-tool-master/Image/148.png,149,175,299,301,animal
/media/huiyu/Data/Project/Ubuntu/Tools/semi-auto-image-annotation-tool-master/Image/149.png,49,117,136,468,people
/media/huiyu/Data/Project/Ubuntu/Tools/semi-auto-image-annotation-tool-master/Image/149.png,157,186,188,303,people
/media/huiyu/Data/Project/Ubuntu/Tools/semi-auto-image-annotation-tool-master/Image/149.png,223,145,275,358,people
/media/huiyu/Data/Project/Ubuntu/Tools/semi-auto-image-annotation-tool-master/Image/149.png,160,203,186,228,hand
/media/huiyu/Data/Project/Ubuntu/Tools/semi-auto-image-annotation-tool-master/Image/15.png,189,92,333,229,animal
/media/huiyu/Data/Project/Ubuntu/Tools/semi-auto-image-annotation-tool-master/Image/150.png,335,6,478,201,people
/media/huiyu/Data/Project/Ubuntu/Tools/semi-auto-image-annotation-tool-master/Image/150.png,84,177,338,295,food
/media/huiyu/Data/Project/Ubuntu/Tools/semi-auto-image-annotation-tool-master/Image/150.png,396,203,495,289,food
/media/huiyu/Data/Project/Ubuntu/Tools/semi-auto-image-annotation-tool-master/Image/151.png,198,37,321,200,face
/media/huiyu/Data/Project/Ubuntu/Tools/semi-auto-image-annotation-tool-master/Image/151.png,152,31,417,322,people
/media/huiyu/Data/Project/Ubuntu/Tools/semi-auto-image-annotation-tool-master/Image/151.png,5,84,100,321,people
/media/huiyu/Data/Project/Ubuntu/Tools/semi-auto-image-annotation-tool-master/Image/152.png,209,66,262,127,face
/media/huiyu/Data/Project/Ubuntu/Tools/semi-auto-image-annotation-tool-master/Image/152.png,175,64,301,340,people
/media/huiyu/Data/Project/Ubuntu/Tools/semi-auto-image-annotation-tool-master/Image/152.png,134,134,248,179,hand
/media/huiyu/Data/Project/Ubuntu/Tools/semi-auto-image-annotation-tool-master/Image/153.png,158,72,310,136,object
/media/huiyu/Data/Project/Ubuntu/Tools/semi-auto-image-annotation-tool-master/Image/154.png,29,113,365,279,plane
/media/huiyu/Data/Project/Ubuntu/Tools/semi-auto-image-annotation-tool-master/Image/155.png,79,69,400,218,animal
/media/huiyu/Data/Project/Ubuntu/Tools/semi-auto-image-annotation-tool-master/Image/156.png,51,136,215,193,animal
/media/huiyu/Data/Project/Ubuntu/Tools/semi-auto-image-annotation-tool-master/Image/156.png,205,146,429,209,animal
/media/huiyu/Data/Project/Ubuntu/Tools/semi-auto-image-annotation-tool-master/Image/156.png,296,254,470,314,animal
/media/huiyu/Data/Project/Ubuntu/Tools/semi-auto-image-annotation-tool-master/Image/157.png,98,258,350,379,people group
/media/huiyu/Data/Project/Ubuntu/Tools/semi-auto-image-annotation-tool-master/Image/158.png,245,154,298,212,text
/media/huiyu/Data/Project/Ubuntu/Tools/semi-auto-image-annotation-tool-master/Image/158.png,92,249,186,296,car
/media/huiyu/Data/Project/Ubuntu/Tools/semi-auto-image-annotation-tool-master/Image/159.png,59,83,139,294,animal
/media/huiyu/Data/Project/Ubuntu/Tools/semi-auto-image-annotation-tool-master/Image/159.png,160,85,232,280,animal
/media/huiyu/Data/Project/Ubuntu/Tools/semi-auto-image-annotation-tool-master/Image/159.png,265,68,349,290,animal
/media/huiyu/Data/Project/Ubuntu/Tools/semi-auto-image-annotation-tool-master/Image/159.png,378,63,476,303,animal
/media/huiyu/Data/Project/Ubuntu/Tools/semi-auto-image-annotation-tool-master/Image/159.png,13,4,488,77,people group
/media/huiyu/Data/Project/Ubuntu/Tools/semi-auto-image-annotation-tool-master/Image/16.png,165,38,370,290,people
/media/huiyu/Data/Project/Ubuntu/Tools/semi-auto-image-annotation-tool-master/Image/16.png,241,42,324,148,face
/media/huiyu/Data/Project/Ubuntu/Tools/semi-auto-image-annotation-tool-master/Image/16.png,101,204,239,323,hand
/media/huiyu/Data/Project/Ubuntu/Tools/semi-auto-image-annotation-tool-master/Image/160.png,132,39,494,302,people
/media/huiyu/Data/Project/Ubuntu/Tools/semi-auto-image-annotation-tool-master/Image/161.png,68,24,136,329,people
/media/huiyu/Data/Project/Ubuntu/Tools/semi-auto-image-annotation-tool-master/Image/161.png,132,37,187,314,people
/media/huiyu/Data/Project/Ubuntu/Tools/semi-auto-image-annotation-tool-master/Image/161.png,191,70,257,315,people
/media/huiyu/Data/Project/Ubuntu/Tools/semi-auto-image-annotation-tool-master/Image/161.png,98,18,138,70,face
/media/huiyu/Data/Project/Ubuntu/Tools/semi-auto-image-annotation-tool-master/Image/161.png,139,37,168,74,face
/media/huiyu/Data/Project/Ubuntu/Tools/semi-auto-image-annotation-tool-master/Image/161.png,209,76,245,112,face
/media/huiyu/Data/Project/Ubuntu/Tools/semi-auto-image-annotation-tool-master/Image/162.png,85,44,247,200,face
/media/huiyu/Data/Project/Ubuntu/Tools/semi-auto-image-annotation-tool-master/Image/162.png,77,41,342,364,people
/media/huiyu/Data/Project/Ubuntu/Tools/semi-auto-image-annotation-tool-master/Image/162.png,249,186,403,311,hand
/media/huiyu/Data/Project/Ubuntu/Tools/semi-auto-image-annotation-tool-master/Image/163.png,26,79,340,284,car
/media/huiyu/Data/Project/Ubuntu/Tools/semi-auto-image-annotation-tool-master/Image/164.png,270,58,486,253,animal
/media/huiyu/Data/Project/Ubuntu/Tools/semi-auto-image-annotation-tool-master/Image/165.png,77,38,246,129,plant
/media/huiyu/Data/Project/Ubuntu/Tools/semi-auto-image-annotation-tool-master/Image/165.png,202,105,403,294,plant
/media/huiyu/Data/Project/Ubuntu/Tools/semi-auto-image-annotation-tool-master/Image/166.png,80,24,359,296,plant
/media/huiyu/Data/Project/Ubuntu/Tools/semi-auto-image-annotation-tool-master/Image/167.png,147,89,203,170,face
/media/huiyu/Data/Project/Ubuntu/Tools/semi-auto-image-annotation-tool-master/Image/167.png,258,20,337,117,face
/media/huiyu/Data/Project/Ubuntu/Tools/semi-auto-image-annotation-tool-master/Image/167.png,247,16,427,324,people
/media/huiyu/Data/Project/Ubuntu/Tools/semi-auto-image-annotation-tool-master/Image/167.png,96,241,164,307,hand
/media/huiyu/Data/Project/Ubuntu/Tools/semi-auto-image-annotation-tool-master/Image/167.png,181,204,245,267,hand
/media/huiyu/Data/Project/Ubuntu/Tools/semi-auto-image-annotation-tool-master/Image/167.png,251,216,345,294,hand
/media/huiyu/Data/Project/Ubuntu/Tools/semi-auto-image-annotation-tool-master/Image/167.png,107,85,236,322,people
/media/huiyu/Data/Project/Ubuntu/Tools/semi-auto-image-annotation-tool-master/Image/168.png,103,62,194,133,plant
/media/huiyu/Data/Project/Ubuntu/Tools/semi-auto-image-annotation-tool-master/Image/168.png,123,233,207,308,plant
/media/huiyu/Data/Project/Ubuntu/Tools/semi-auto-image-annotation-tool-master/Image/168.png,289,59,454,204,plant
/media/huiyu/Data/Project/Ubuntu/Tools/semi-auto-image-annotation-tool-master/Image/169.png,101,38,398,351,object
/media/huiyu/Data/Project/Ubuntu/Tools/semi-auto-image-annotation-tool-master/Image/169.png,103,135,394,230,text
/media/huiyu/Data/Project/Ubuntu/Tools/semi-auto-image-annotation-tool-master/Image/17.png,220,188,291,281,animal
/media/huiyu/Data/Project/Ubuntu/Tools/semi-auto-image-annotation-tool-master/Image/17.png,421,187,485,264,animal
/media/huiyu/Data/Project/Ubuntu/Tools/semi-auto-image-annotation-tool-master/Image/17.png,7,34,79,166,people
/media/huiyu/Data/Project/Ubuntu/Tools/semi-auto-image-annotation-tool-master/Image/17.png,136,8,248,146,people group
/media/huiyu/Data/Project/Ubuntu/Tools/semi-auto-image-annotation-tool-master/Image/17.png,3,181,25,240,object
/media/huiyu/Data/Project/Ubuntu/Tools/semi-auto-image-annotation-tool-master/Image/17.png,113,176,166,231,object
/media/huiyu/Data/Project/Ubuntu/Tools/semi-auto-image-annotation-tool-master/Image/17.png,235,160,284,206,object
/media/huiyu/Data/Project/Ubuntu/Tools/semi-auto-image-annotation-tool-master/Image/170.png,186,91,414,304,plant
/media/huiyu/Data/Project/Ubuntu/Tools/semi-auto-image-annotation-tool-master/Image/171.png,108,71,314,378,text
/media/huiyu/Data/Project/Ubuntu/Tools/semi-auto-image-annotation-tool-master/Image/171.png,310,16,429,361,people
/media/huiyu/Data/Project/Ubuntu/Tools/semi-auto-image-annotation-tool-master/Image/171.png,315,18,364,80,face
/media/huiyu/Data/Project/Ubuntu/Tools/semi-auto-image-annotation-tool-master/Image/172.png,46,93,86,229,people
/media/huiyu/Data/Project/Ubuntu/Tools/semi-auto-image-annotation-tool-master/Image/172.png,118,100,188,293,people
/media/huiyu/Data/Project/Ubuntu/Tools/semi-auto-image-annotation-tool-master/Image/172.png,202,108,233,231,people
/media/huiyu/Data/Project/Ubuntu/Tools/semi-auto-image-annotation-tool-master/Image/172.png,250,102,308,279,people
/media/huiyu/Data/Project/Ubuntu/Tools/semi-auto-image-annotation-tool-master/Image/172.png,357,126,395,254,people
/media/huiyu/Data/Project/Ubuntu/Tools/semi-auto-image-annotation-tool-master/Image/172.png,390,96,452,277,people
/media/huiyu/Data/Project/Ubuntu/Tools/semi-auto-image-annotation-tool-master/Image/173.png,60,1,427,211,people
/media/huiyu/Data/Project/Ubuntu/Tools/semi-auto-image-annotation-tool-master/Image/173.png,125,102,309,201,face
/media/huiyu/Data/Project/Ubuntu/Tools/semi-auto-image-annotation-tool-master/Image/174.png,122,107,168,165,face
/media/huiyu/Data/Project/Ubuntu/Tools/semi-auto-image-annotation-tool-master/Image/174.png,95,100,219,327,people
/media/huiyu/Data/Project/Ubuntu/Tools/semi-auto-image-annotation-tool-master/Image/174.png,240,112,312,173,hand
/media/huiyu/Data/Project/Ubuntu/Tools/semi-auto-image-annotation-tool-master/Image/175.png,114,68,261,342,plant
/media/huiyu/Data/Project/Ubuntu/Tools/semi-auto-image-annotation-tool-master/Image/176.png,55,67,148,261,people
/media/huiyu/Data/Project/Ubuntu/Tools/semi-auto-image-annotation-tool-master/Image/176.png,246,76,328,270,people
/media/huiyu/Data/Project/Ubuntu/Tools/semi-auto-image-annotation-tool-master/Image/176.png,73,76,107,109,face
/media/huiyu/Data/Project/Ubuntu/Tools/semi-auto-image-annotation-tool-master/Image/176.png,259,81,300,116,face
/media/huiyu/Data/Project/Ubuntu/Tools/semi-auto-image-annotation-tool-master/Image/176.png,133,39,263,133,hand
/media/huiyu/Data/Project/Ubuntu/Tools/semi-auto-image-annotation-tool-master/Image/177.png,159,115,193,160,face
/media/huiyu/Data/Project/Ubuntu/Tools/semi-auto-image-annotation-tool-master/Image/177.png,247,91,296,139,face
/media/huiyu/Data/Project/Ubuntu/Tools/semi-auto-image-annotation-tool-master/Image/177.png,321,81,366,136,face
/media/huiyu/Data/Project/Ubuntu/Tools/semi-auto-image-annotation-tool-master/Image/177.png,134,110,212,368,people
/media/huiyu/Data/Project/Ubuntu/Tools/semi-auto-image-annotation-tool-master/Image/177.png,230,86,301,361,people
/media/huiyu/Data/Project/Ubuntu/Tools/semi-auto-image-annotation-tool-master/Image/177.png,312,76,395,361,people
/media/huiyu/Data/Project/Ubuntu/Tools/semi-auto-image-annotation-tool-master/Image/178.png,168,65,305,385,people
/media/huiyu/Data/Project/Ubuntu/Tools/semi-auto-image-annotation-tool-master/Image/178.png,89,315,144,392,animal
/media/huiyu/Data/Project/Ubuntu/Tools/semi-auto-image-annotation-tool-master/Image/179.png,23,92,312,272,food
/media/huiyu/Data/Project/Ubuntu/Tools/semi-auto-image-annotation-tool-master/Image/179.png,254,223,479,334,food
/media/huiyu/Data/Project/Ubuntu/Tools/semi-auto-image-annotation-tool-master/Image/18.png,49,79,362,230,animal
/media/huiyu/Data/Project/Ubuntu/Tools/semi-auto-image-annotation-tool-master/Image/180.png,42,68,448,242,animal
/media/huiyu/Data/Project/Ubuntu/Tools/semi-auto-image-annotation-tool-master/Image/181.png,205,130,314,226,animal
/media/huiyu/Data/Project/Ubuntu/Tools/semi-auto-image-annotation-tool-master/Image/181.png,44,172,480,345,plant
/media/huiyu/Data/Project/Ubuntu/Tools/semi-auto-image-annotation-tool-master/Image/182.png,185,84,353,329,people
/media/huiyu/Data/Project/Ubuntu/Tools/semi-auto-image-annotation-tool-master/Image/182.png,237,91,305,147,face
/media/huiyu/Data/Project/Ubuntu/Tools/semi-auto-image-annotation-tool-master/Image/182.png,194,140,304,218,hand
/media/huiyu/Data/Project/Ubuntu/Tools/semi-auto-image-annotation-tool-master/Image/183.png,305,173,486,316,object
/media/huiyu/Data/Project/Ubuntu/Tools/semi-auto-image-annotation-tool-master/Image/183.png,158,211,298,270,object
/media/huiyu/Data/Project/Ubuntu/Tools/semi-auto-image-annotation-tool-master/Image/183.png,212,181,277,219,people group
/media/huiyu/Data/Project/Ubuntu/Tools/semi-auto-image-annotation-tool-master/Image/184.png,8,94,323,425,building
/media/huiyu/Data/Project/Ubuntu/Tools/semi-auto-image-annotation-tool-master/Image/185.png,22,54,440,303,plant
/media/huiyu/Data/Project/Ubuntu/Tools/semi-auto-image-annotation-tool-master/Image/186.png,321,41,425,154,face
/media/huiyu/Data/Project/Ubuntu/Tools/semi-auto-image-annotation-tool-master/Image/186.png,107,110,246,222,hand
/media/huiyu/Data/Project/Ubuntu/Tools/semi-auto-image-annotation-tool-master/Image/186.png,111,138,385,297,animal
/media/huiyu/Data/Project/Ubuntu/Tools/semi-auto-image-annotation-tool-master/Image/187.png,298,144,378,217,face
/media/huiyu/Data/Project/Ubuntu/Tools/semi-auto-image-annotation-tool-master/Image/187.png,254,139,407,361,people
/media/huiyu/Data/Project/Ubuntu/Tools/semi-auto-image-annotation-tool-master/Image/188.png,160,47,272,177,face
/media/huiyu/Data/Project/Ubuntu/Tools/semi-auto-image-annotation-tool-master/Image/188.png,127,43,332,364,people
/media/huiyu/Data/Project/Ubuntu/Tools/semi-auto-image-annotation-tool-master/Image/188.png,383,77,499,245,text
/media/huiyu/Data/Project/Ubuntu/Tools/semi-auto-image-annotation-tool-master/Image/189.png,75,205,228,296,car
/media/huiyu/Data/Project/Ubuntu/Tools/semi-auto-image-annotation-tool-master/Image/189.png,231,191,408,288,car
/media/huiyu/Data/Project/Ubuntu/Tools/semi-auto-image-annotation-tool-master/Image/189.png,395,192,496,281,car
/media/huiyu/Data/Project/Ubuntu/Tools/semi-auto-image-annotation-tool-master/Image/189.png,63,165,259,206,people group
/media/huiyu/Data/Project/Ubuntu/Tools/semi-auto-image-annotation-tool-master/Image/19.png,54,39,305,372,people
/media/huiyu/Data/Project/Ubuntu/Tools/semi-auto-image-annotation-tool-master/Image/19.png,257,135,459,263,hand
/media/huiyu/Data/Project/Ubuntu/Tools/semi-auto-image-annotation-tool-master/Image/190.png,5,7,159,262,building
/media/huiyu/Data/Project/Ubuntu/Tools/semi-auto-image-annotation-tool-master/Image/190.png,248,90,491,252,building
/media/huiyu/Data/Project/Ubuntu/Tools/semi-auto-image-annotation-tool-master/Image/190.png,182,65,223,269,object
/media/huiyu/Data/Project/Ubuntu/Tools/semi-auto-image-annotation-tool-master/Image/191.png,263,58,312,118,animal
/media/huiyu/Data/Project/Ubuntu/Tools/semi-auto-image-annotation-tool-master/Image/191.png,203,119,261,180,animal
/media/huiyu/Data/Project/Ubuntu/Tools/semi-auto-image-annotation-tool-master/Image/191.png,183,206,255,309,animal
/media/huiyu/Data/Project/Ubuntu/Tools/semi-auto-image-annotation-tool-master/Image/191.png,302,181,383,264,animal
/media/huiyu/Data/Project/Ubuntu/Tools/semi-auto-image-annotation-tool-master/Image/192.png,162,156,345,234,car
/media/huiyu/Data/Project/Ubuntu/Tools/semi-auto-image-annotation-tool-master/Image/192.png,10,11,157,164,building
/media/huiyu/Data/Project/Ubuntu/Tools/semi-auto-image-annotation-tool-master/Image/192.png,164,44,264,144,plant
/media/huiyu/Data/Project/Ubuntu/Tools/semi-auto-image-annotation-tool-master/Image/192.png,394,12,437,249,plant
/media/huiyu/Data/Project/Ubuntu/Tools/semi-auto-image-annotation-tool-master/Image/192.png,344,42,384,231,object
/media/huiyu/Data/Project/Ubuntu/Tools/semi-auto-image-annotation-tool-master/Image/193.png,125,1,158,244,object
/media/huiyu/Data/Project/Ubuntu/Tools/semi-auto-image-annotation-tool-master/Image/193.png,194,146,494,273,people group
/media/huiyu/Data/Project/Ubuntu/Tools/semi-auto-image-annotation-tool-master/Image/193.png,7,135,101,257,people group
/media/huiyu/Data/Project/Ubuntu/Tools/semi-auto-image-annotation-tool-master/Image/193.png,175,8,495,107,plant
/media/huiyu/Data/Project/Ubuntu/Tools/semi-auto-image-annotation-tool-master/Image/194.png,5,4,281,275,building
/media/huiyu/Data/Project/Ubuntu/Tools/semi-auto-image-annotation-tool-master/Image/194.png,387,56,500,252,building
/media/huiyu/Data/Project/Ubuntu/Tools/semi-auto-image-annotation-tool-master/Image/194.png,44,136,216,157,text
/media/huiyu/Data/Project/Ubuntu/Tools/semi-auto-image-annotation-tool-master/Image/194.png,106,228,152,298,people group
/media/huiyu/Data/Project/Ubuntu/Tools/semi-auto-image-annotation-tool-master/Image/194.png,204,233,262,284,people group
/media/huiyu/Data/Project/Ubuntu/Tools/semi-auto-image-annotation-tool-master/Image/194.png,12,233,45,309,people
/media/huiyu/Data/Project/Ubuntu/Tools/semi-auto-image-annotation-tool-master/Image/194.png,46,279,81,308,animal
/media/huiyu/Data/Project/Ubuntu/Tools/semi-auto-image-annotation-tool-master/Image/194.png,248,250,317,300,object
/media/huiyu/Data/Project/Ubuntu/Tools/semi-auto-image-annotation-tool-master/Image/194.png,354,248,440,283,car
/media/huiyu/Data/Project/Ubuntu/Tools/semi-auto-image-annotation-tool-master/Image/195.png,270,90,335,217,object
/media/huiyu/Data/Project/Ubuntu/Tools/semi-auto-image-annotation-tool-master/Image/195.png,18,144,242,364,object
/media/huiyu/Data/Project/Ubuntu/Tools/semi-auto-image-annotation-tool-master/Image/195.png,359,189,439,295,object
/media/huiyu/Data/Project/Ubuntu/Tools/semi-auto-image-annotation-tool-master/Image/196.png,32,66,432,216,object
/media/huiyu/Data/Project/Ubuntu/Tools/semi-auto-image-annotation-tool-master/Image/197.png,127,119,413,291,plant
/media/huiyu/Data/Project/Ubuntu/Tools/semi-auto-image-annotation-tool-master/Image/197.png,12,288,463,363,building
/media/huiyu/Data/Project/Ubuntu/Tools/semi-auto-image-annotation-tool-master/Image/198.png,144,133,273,372,object
/media/huiyu/Data/Project/Ubuntu/Tools/semi-auto-image-annotation-tool-master/Image/199.png,216,81,432,274,building
/media/huiyu/Data/Project/Ubuntu/Tools/semi-auto-image-annotation-tool-master/Image/199.png,4,89,79,203,building
/media/huiyu/Data/Project/Ubuntu/Tools/semi-auto-image-annotation-tool-master/Image/199.png,92,96,195,272,plant
/media/huiyu/Data/Project/Ubuntu/Tools/semi-auto-image-annotation-tool-master/Image/2.png,139,58,228,148,face
/media/huiyu/Data/Project/Ubuntu/Tools/semi-auto-image-annotation-tool-master/Image/2.png,121,43,322,325,people
/media/huiyu/Data/Project/Ubuntu/Tools/semi-auto-image-annotation-tool-master/Image/2.png,153,189,271,289,hand
/media/huiyu/Data/Project/Ubuntu/Tools/semi-auto-image-annotation-tool-master/Image/2.png,315,97,409,162,hand
/media/huiyu/Data/Project/Ubuntu/Tools/semi-auto-image-annotation-tool-master/Image/20.png,69,98,370,305,animal
/media/huiyu/Data/Project/Ubuntu/Tools/semi-auto-image-annotation-tool-master/Image/200.png,40,173,95,246,people
/media/huiyu/Data/Project/Ubuntu/Tools/semi-auto-image-annotation-tool-master/Image/200.png,200,160,253,215,people
/media/huiyu/Data/Project/Ubuntu/Tools/semi-auto-image-annotation-tool-master/Image/200.png,265,182,321,258,people
/media/huiyu/Data/Project/Ubuntu/Tools/semi-auto-image-annotation-tool-master/Image/200.png,378,153,458,281,people
/media/huiyu/Data/Project/Ubuntu/Tools/semi-auto-image-annotation-tool-master/Image/200.png,78,228,162,338,object
/media/huiyu/Data/Project/Ubuntu/Tools/semi-auto-image-annotation-tool-master/Image/200.png,168,223,295,355,object
/media/huiyu/Data/Project/Ubuntu/Tools/semi-auto-image-annotation-tool-master/Image/201.png,221,39,342,450,plant
/media/huiyu/Data/Project/Ubuntu/Tools/semi-auto-image-annotation-tool-master/Image/202.png,221,25,301,144,face
/media/huiyu/Data/Project/Ubuntu/Tools/semi-auto-image-annotation-tool-master/Image/202.png,158,25,384,323,people
/media/huiyu/Data/Project/Ubuntu/Tools/semi-auto-image-annotation-tool-master/Image/202.png,281,133,372,225,hand
/media/huiyu/Data/Project/Ubuntu/Tools/semi-auto-image-annotation-tool-master/Image/203.png,177,68,282,219,face
/media/huiyu/Data/Project/Ubuntu/Tools/semi-auto-image-annotation-tool-master/Image/203.png,133,56,318,395,people
/media/huiyu/Data/Project/Ubuntu/Tools/semi-auto-image-annotation-tool-master/Image/204.png,219,122,309,225,face
/media/huiyu/Data/Project/Ubuntu/Tools/semi-auto-image-annotation-tool-master/Image/204.png,204,115,383,492,people
/media/huiyu/Data/Project/Ubuntu/Tools/semi-auto-image-annotation-tool-master/Image/205.png,148,64,247,187,face
/media/huiyu/Data/Project/Ubuntu/Tools/semi-auto-image-annotation-tool-master/Image/205.png,28,48,256,411,people
/media/huiyu/Data/Project/Ubuntu/Tools/semi-auto-image-annotation-tool-master/Image/205.png,133,193,345,316,hand
/media/huiyu/Data/Project/Ubuntu/Tools/semi-auto-image-annotation-tool-master/Image/206.png,167,127,325,373,face
/media/huiyu/Data/Project/Ubuntu/Tools/semi-auto-image-annotation-tool-master/Image/206.png,85,261,221,408,hand
/media/huiyu/Data/Project/Ubuntu/Tools/semi-auto-image-annotation-tool-master/Image/207.png,190,159,218,193,face
/media/huiyu/Data/Project/Ubuntu/Tools/semi-auto-image-annotation-tool-master/Image/207.png,158,156,247,331,people
/media/huiyu/Data/Project/Ubuntu/Tools/semi-auto-image-annotation-tool-master/Image/208.png,67,47,489,316,car
/media/huiyu/Data/Project/Ubuntu/Tools/semi-auto-image-annotation-tool-master/Image/209.png,300,81,377,225,people
/media/huiyu/Data/Project/Ubuntu/Tools/semi-auto-image-annotation-tool-master/Image/209.png,69,165,173,327,people
/media/huiyu/Data/Project/Ubuntu/Tools/semi-auto-image-annotation-tool-master/Image/209.png,147,111,240,225,people
/media/huiyu/Data/Project/Ubuntu/Tools/semi-auto-image-annotation-tool-master/Image/209.png,311,92,341,124,face
/media/huiyu/Data/Project/Ubuntu/Tools/semi-auto-image-annotation-tool-master/Image/209.png,174,115,209,160,face
/media/huiyu/Data/Project/Ubuntu/Tools/semi-auto-image-annotation-tool-master/Image/209.png,113,175,164,218,face
/media/huiyu/Data/Project/Ubuntu/Tools/semi-auto-image-annotation-tool-master/Image/210.png,39,119,109,300,people
/media/huiyu/Data/Project/Ubuntu/Tools/semi-auto-image-annotation-tool-master/Image/210.png,147,109,217,308,people
/media/huiyu/Data/Project/Ubuntu/Tools/semi-auto-image-annotation-tool-master/Image/210.png,254,118,313,317,people
/media/huiyu/Data/Project/Ubuntu/Tools/semi-auto-image-annotation-tool-master/Image/210.png,324,118,396,322,people
/media/huiyu/Data/Project/Ubuntu/Tools/semi-auto-image-annotation-tool-master/Image/210.png,410,113,485,354,people
/media/huiyu/Data/Project/Ubuntu/Tools/semi-auto-image-annotation-tool-master/Image/210.png,247,151,302,204,hand
/media/huiyu/Data/Project/Ubuntu/Tools/semi-auto-image-annotation-tool-master/Image/210.png,43,168,104,213,hand
/media/huiyu/Data/Project/Ubuntu/Tools/semi-auto-image-annotation-tool-master/Image/210.png,159,138,204,180,hand
/media/huiyu/Data/Project/Ubuntu/Tools/semi-auto-image-annotation-tool-master/Image/210.png,328,154,403,228,hand
/media/huiyu/Data/Project/Ubuntu/Tools/semi-auto-image-annotation-tool-master/Image/210.png,407,161,469,227,hand
/media/huiyu/Data/Project/Ubuntu/Tools/semi-auto-image-annotation-tool-master/Image/210.png,57,120,85,147,face
/media/huiyu/Data/Project/Ubuntu/Tools/semi-auto-image-annotation-tool-master/Image/210.png,159,113,186,138,face
/media/huiyu/Data/Project/Ubuntu/Tools/semi-auto-image-annotation-tool-master/Image/210.png,272,113,303,145,face
/media/huiyu/Data/Project/Ubuntu/Tools/semi-auto-image-annotation-tool-master/Image/210.png,345,129,373,151,face
/media/huiyu/Data/Project/Ubuntu/Tools/semi-auto-image-annotation-tool-master/Image/210.png,432,119,458,150,face
/media/huiyu/Data/Project/Ubuntu/Tools/semi-auto-image-annotation-tool-master/Image/211.png,77,213,232,275,ship
/media/huiyu/Data/Project/Ubuntu/Tools/semi-auto-image-annotation-tool-master/Image/211.png,5,147,79,244,building
/media/huiyu/Data/Project/Ubuntu/Tools/semi-auto-image-annotation-tool-master/Image/211.png,221,152,341,221,building
/media/huiyu/Data/Project/Ubuntu/Tools/semi-auto-image-annotation-tool-master/Image/211.png,364,133,480,182,building
/media/huiyu/Data/Project/Ubuntu/Tools/semi-auto-image-annotation-tool-master/Image/211.png,169,12,237,133,building
/media/huiyu/Data/Project/Ubuntu/Tools/semi-auto-image-annotation-tool-master/Image/212.png,162,139,275,202,face
/media/huiyu/Data/Project/Ubuntu/Tools/semi-auto-image-annotation-tool-master/Image/212.png,107,102,350,367,people
/media/huiyu/Data/Project/Ubuntu/Tools/semi-auto-image-annotation-tool-master/Image/212.png,137,190,277,287,hand
/media/huiyu/Data/Project/Ubuntu/Tools/semi-auto-image-annotation-tool-master/Image/213.png,101,138,223,243,people group
/media/huiyu/Data/Project/Ubuntu/Tools/semi-auto-image-annotation-tool-master/Image/213.png,311,143,399,207,people group
/media/huiyu/Data/Project/Ubuntu/Tools/semi-auto-image-annotation-tool-master/Image/213.png,264,203,446,318,object
/media/huiyu/Data/Project/Ubuntu/Tools/semi-auto-image-annotation-tool-master/Image/214.png,89,54,151,163,people
/media/huiyu/Data/Project/Ubuntu/Tools/semi-auto-image-annotation-tool-master/Image/214.png,181,90,243,199,people
/media/huiyu/Data/Project/Ubuntu/Tools/semi-auto-image-annotation-tool-master/Image/214.png,272,129,353,244,people
/media/huiyu/Data/Project/Ubuntu/Tools/semi-auto-image-annotation-tool-master/Image/214.png,367,178,466,303,people
/media/huiyu/Data/Project/Ubuntu/Tools/semi-auto-image-annotation-tool-master/Image/214.png,13,241,213,373,people
/media/huiyu/Data/Project/Ubuntu/Tools/semi-auto-image-annotation-tool-master/Image/214.png,105,62,136,102,face
/media/huiyu/Data/Project/Ubuntu/Tools/semi-auto-image-annotation-tool-master/Image/214.png,182,111,230,166,face
/media/huiyu/Data/Project/Ubuntu/Tools/semi-auto-image-annotation-tool-master/Image/214.png,289,137,338,195,face
/media/huiyu/Data/Project/Ubuntu/Tools/semi-auto-image-annotation-tool-master/Image/214.png,393,186,446,254,face
/media/huiyu/Data/Project/Ubuntu/Tools/semi-auto-image-annotation-tool-master/Image/214.png,34,249,144,358,face
/media/huiyu/Data/Project/Ubuntu/Tools/semi-auto-image-annotation-tool-master/Image/214.png,18,159,162,220,food
/media/huiyu/Data/Project/Ubuntu/Tools/semi-auto-image-annotation-tool-master/Image/214.png,191,250,309,339,food
/media/huiyu/Data/Project/Ubuntu/Tools/semi-auto-image-annotation-tool-master/Image/215.png,50,57,128,164,people
/media/huiyu/Data/Project/Ubuntu/Tools/semi-auto-image-annotation-tool-master/Image/215.png,254,64,349,209,people
/media/huiyu/Data/Project/Ubuntu/Tools/semi-auto-image-annotation-tool-master/Image/215.png,57,171,174,317,people
/media/huiyu/Data/Project/Ubuntu/Tools/semi-auto-image-annotation-tool-master/Image/215.png,76,67,116,109,face
/media/huiyu/Data/Project/Ubuntu/Tools/semi-auto-image-annotation-tool-master/Image/215.png,281,75,329,133,face
/media/huiyu/Data/Project/Ubuntu/Tools/semi-auto-image-annotation-tool-master/Image/215.png,83,173,121,204,face
/media/huiyu/Data/Project/Ubuntu/Tools/semi-auto-image-annotation-tool-master/Image/215.png,265,158,295,261,object
/media/huiyu/Data/Project/Ubuntu/Tools/semi-auto-image-annotation-tool-master/Image/215.png,310,175,352,285,object
/media/huiyu/Data/Project/Ubuntu/Tools/semi-auto-image-annotation-tool-master/Image/216.png,62,175,138,370,people
/media/huiyu/Data/Project/Ubuntu/Tools/semi-auto-image-annotation-tool-master/Image/216.png,246,191,295,364,people
/media/huiyu/Data/Project/Ubuntu/Tools/semi-auto-image-annotation-tool-master/Image/216.png,312,254,354,359,people
/media/huiyu/Data/Project/Ubuntu/Tools/semi-auto-image-annotation-tool-master/Image/216.png,76,177,116,225,face
/media/huiyu/Data/Project/Ubuntu/Tools/semi-auto-image-annotation-tool-master/Image/216.png,13,164,57,247,people background
/media/huiyu/Data/Project/Ubuntu/Tools/semi-auto-image-annotation-tool-master/Image/216.png,149,168,237,236,people background
/media/huiyu/Data/Project/Ubuntu/Tools/semi-auto-image-annotation-tool-master/Image/216.png,295,160,374,236,people background
/media/huiyu/Data/Project/Ubuntu/Tools/semi-auto-image-annotation-tool-master/Image/216.png,178,241,242,344,object
/media/huiyu/Data/Project/Ubuntu/Tools/semi-auto-image-annotation-tool-master/Image/217.png,207,27,290,103,face
/media/huiyu/Data/Project/Ubuntu/Tools/semi-auto-image-annotation-tool-master/Image/217.png,141,22,365,350,people
/media/huiyu/Data/Project/Ubuntu/Tools/semi-auto-image-annotation-tool-master/Image/217.png,193,152,317,230,hand
/media/huiyu/Data/Project/Ubuntu/Tools/semi-auto-image-annotation-tool-master/Image/218.png,92,89,231,150,animal
/media/huiyu/Data/Project/Ubuntu/Tools/semi-auto-image-annotation-tool-master/Image/219.png,132,94,209,218,animal
/media/huiyu/Data/Project/Ubuntu/Tools/semi-auto-image-annotation-tool-master/Image/22.png,149,117,467,318,animal
/media/huiyu/Data/Project/Ubuntu/Tools/semi-auto-image-annotation-tool-master/Image/220.png,172,143,258,188,animal
/media/huiyu/Data/Project/Ubuntu/Tools/semi-auto-image-annotation-tool-master/Image/221.png,256,41,428,227,plant
/media/huiyu/Data/Project/Ubuntu/Tools/semi-auto-image-annotation-tool-master/Image/222.png,265,118,306,172,face
/media/huiyu/Data/Project/Ubuntu/Tools/semi-auto-image-annotation-tool-master/Image/222.png,210,107,333,273,people
/media/huiyu/Data/Project/Ubuntu/Tools/semi-auto-image-annotation-tool-master/Image/222.png,148,243,347,309,hand
/media/huiyu/Data/Project/Ubuntu/Tools/semi-auto-image-annotation-tool-master/Image/223.png,181,131,227,179,face
/media/huiyu/Data/Project/Ubuntu/Tools/semi-auto-image-annotation-tool-master/Image/223.png,283,121,333,181,face
/media/huiyu/Data/Project/Ubuntu/Tools/semi-auto-image-annotation-tool-master/Image/223.png,148,130,249,332,people
/media/huiyu/Data/Project/Ubuntu/Tools/semi-auto-image-annotation-tool-master/Image/223.png,260,109,429,344,people
/media/huiyu/Data/Project/Ubuntu/Tools/semi-auto-image-annotation-tool-master/Image/223.png,112,235,145,295,object
/media/huiyu/Data/Project/Ubuntu/Tools/semi-auto-image-annotation-tool-master/Image/224.png,162,130,312,243,car
/media/huiyu/Data/Project/Ubuntu/Tools/semi-auto-image-annotation-tool-master/Image/225.png,122,63,280,457,people
/media/huiyu/Data/Project/Ubuntu/Tools/semi-auto-image-annotation-tool-master/Image/225.png,157,85,223,170,face
/media/huiyu/Data/Project/Ubuntu/Tools/semi-auto-image-annotation-tool-master/Image/225.png,75,284,165,362,hand
/media/huiyu/Data/Project/Ubuntu/Tools/semi-auto-image-annotation-tool-master/Image/225.png,251,361,317,451,hand
/media/huiyu/Data/Project/Ubuntu/Tools/semi-auto-image-annotation-tool-master/Image/225.png,24,29,111,116,people background
/media/huiyu/Data/Project/Ubuntu/Tools/semi-auto-image-annotation-tool-master/Image/225.png,248,28,343,136,people background
/media/huiyu/Data/Project/Ubuntu/Tools/semi-auto-image-annotation-tool-master/Image/226.png,12,15,356,490,face
/media/huiyu/Data/Project/Ubuntu/Tools/semi-auto-image-annotation-tool-master/Image/227.png,114,37,254,222,plant
/media/huiyu/Data/Project/Ubuntu/Tools/semi-auto-image-annotation-tool-master/Image/227.png,91,270,250,405,object
/media/huiyu/Data/Project/Ubuntu/Tools/semi-auto-image-annotation-tool-master/Image/228.png,176,104,205,136,face
/media/huiyu/Data/Project/Ubuntu/Tools/semi-auto-image-annotation-tool-master/Image/228.png,254,108,285,146,face
/media/huiyu/Data/Project/Ubuntu/Tools/semi-auto-image-annotation-tool-master/Image/228.png,315,100,352,135,face
/media/huiyu/Data/Project/Ubuntu/Tools/semi-auto-image-annotation-tool-master/Image/228.png,393,97,427,130,face
/media/huiyu/Data/Project/Ubuntu/Tools/semi-auto-image-annotation-tool-master/Image/228.png,151,100,214,331,people
/media/huiyu/Data/Project/Ubuntu/Tools/semi-auto-image-annotation-tool-master/Image/228.png,231,103,290,336,people
/media/huiyu/Data/Project/Ubuntu/Tools/semi-auto-image-annotation-tool-master/Image/228.png,304,94,369,326,people
/media/huiyu/Data/Project/Ubuntu/Tools/semi-auto-image-annotation-tool-master/Image/228.png,382,90,459,321,people
/media/huiyu/Data/Project/Ubuntu/Tools/semi-auto-image-annotation-tool-master/Image/229.png,169,132,274,232,people
/media/huiyu/Data/Project/Ubuntu/Tools/semi-auto-image-annotation-tool-master/Image/229.png,297,125,390,361,people
/media/huiyu/Data/Project/Ubuntu/Tools/semi-auto-image-annotation-tool-master/Image/229.png,222,136,264,188,face
/media/huiyu/Data/Project/Ubuntu/Tools/semi-auto-image-annotation-tool-master/Image/229.png,312,131,354,182,face
/media/huiyu/Data/Project/Ubuntu/Tools/semi-auto-image-annotation-tool-master/Image/229.png,131,225,321,351,text
/media/huiyu/Data/Project/Ubuntu/Tools/semi-auto-image-annotation-tool-master/Image/23.png,285,56,335,122,face
/media/huiyu/Data/Project/Ubuntu/Tools/semi-auto-image-annotation-tool-master/Image/23.png,158,152,207,206,face
/media/huiyu/Data/Project/Ubuntu/Tools/semi-auto-image-annotation-tool-master/Image/23.png,239,204,373,316,hand
/media/huiyu/Data/Project/Ubuntu/Tools/semi-auto-image-annotation-tool-master/Image/23.png,147,141,224,315,people
/media/huiyu/Data/Project/Ubuntu/Tools/semi-auto-image-annotation-tool-master/Image/23.png,240,51,363,322,people
/media/huiyu/Data/Project/Ubuntu/Tools/semi-auto-image-annotation-tool-master/Image/230.png,77,45,245,287,face
/media/huiyu/Data/Project/Ubuntu/Tools/semi-auto-image-annotation-tool-master/Image/230.png,269,35,487,274,face
/media/huiyu/Data/Project/Ubuntu/Tools/semi-auto-image-annotation-tool-master/Image/231.png,131,69,181,124,face
/media/huiyu/Data/Project/Ubuntu/Tools/semi-auto-image-annotation-tool-master/Image/231.png,271,51,314,118,face
/media/huiyu/Data/Project/Ubuntu/Tools/semi-auto-image-annotation-tool-master/Image/231.png,109,64,209,325,people
/media/huiyu/Data/Project/Ubuntu/Tools/semi-auto-image-annotation-tool-master/Image/231.png,245,47,358,321,people
/media/huiyu/Data/Project/Ubuntu/Tools/semi-auto-image-annotation-tool-master/Image/231.png,2,88,89,242,people background
/media/huiyu/Data/Project/Ubuntu/Tools/semi-auto-image-annotation-tool-master/Image/231.png,365,104,485,218,people background
/media/huiyu/Data/Project/Ubuntu/Tools/semi-auto-image-annotation-tool-master/Image/232.png,96,145,417,216,ship
/media/huiyu/Data/Project/Ubuntu/Tools/semi-auto-image-annotation-tool-master/Image/233.png,97,141,412,291,face
/media/huiyu/Data/Project/Ubuntu/Tools/semi-auto-image-annotation-tool-master/Image/234.png,413,28,482,100,face
/media/huiyu/Data/Project/Ubuntu/Tools/semi-auto-image-annotation-tool-master/Image/234.png,96,108,304,363,people
/media/huiyu/Data/Project/Ubuntu/Tools/semi-auto-image-annotation-tool-master/Image/234.png,379,14,492,314,people
/media/huiyu/Data/Project/Ubuntu/Tools/semi-auto-image-annotation-tool-master/Image/234.png,2,52,75,269,people background
/media/huiyu/Data/Project/Ubuntu/Tools/semi-auto-image-annotation-tool-master/Image/234.png,290,179,494,259,object
/media/huiyu/Data/Project/Ubuntu/Tools/semi-auto-image-annotation-tool-master/Image/235.png,75,109,142,198,face
/media/huiyu/Data/Project/Ubuntu/Tools/semi-auto-image-annotation-tool-master/Image/235.png,220,65,289,158,face
/media/huiyu/Data/Project/Ubuntu/Tools/semi-auto-image-annotation-tool-master/Image/235.png,322,123,391,199,face
/media/huiyu/Data/Project/Ubuntu/Tools/semi-auto-image-annotation-tool-master/Image/235.png,50,104,158,327,people
/media/huiyu/Data/Project/Ubuntu/Tools/semi-auto-image-annotation-tool-master/Image/235.png,315,108,452,327,people
/media/huiyu/Data/Project/Ubuntu/Tools/semi-auto-image-annotation-tool-master/Image/235.png,183,63,311,325,people
/media/huiyu/Data/Project/Ubuntu/Tools/semi-auto-image-annotation-tool-master/Image/236.png,18,71,148,325,people
/media/huiyu/Data/Project/Ubuntu/Tools/semi-auto-image-annotation-tool-master/Image/236.png,244,79,344,330,people
/media/huiyu/Data/Project/Ubuntu/Tools/semi-auto-image-annotation-tool-master/Image/236.png,340,67,429,323,people
/media/huiyu/Data/Project/Ubuntu/Tools/semi-auto-image-annotation-tool-master/Image/236.png,56,96,139,176,face
/media/huiyu/Data/Project/Ubuntu/Tools/semi-auto-image-annotation-tool-master/Image/236.png,265,89,310,135,face
/media/huiyu/Data/Project/Ubuntu/Tools/semi-auto-image-annotation-tool-master/Image/236.png,344,77,384,123,face
/media/huiyu/Data/Project/Ubuntu/Tools/semi-auto-image-annotation-tool-master/Image/237.png,12,118,117,323,people group
/media/huiyu/Data/Project/Ubuntu/Tools/semi-auto-image-annotation-tool-master/Image/237.png,179,150,363,322,people group
/media/huiyu/Data/Project/Ubuntu/Tools/semi-auto-image-annotation-tool-master/Image/237.png,392,102,496,321,people group
/media/huiyu/Data/Project/Ubuntu/Tools/semi-auto-image-annotation-tool-master/Image/238.png,189,78,223,119,face
/media/huiyu/Data/Project/Ubuntu/Tools/semi-auto-image-annotation-tool-master/Image/238.png,273,82,313,123,face
/media/huiyu/Data/Project/Ubuntu/Tools/semi-auto-image-annotation-tool-master/Image/238.png,159,171,251,336,object
/media/huiyu/Data/Project/Ubuntu/Tools/semi-auto-image-annotation-tool-master/Image/238.png,268,167,341,336,object
/media/huiyu/Data/Project/Ubuntu/Tools/semi-auto-image-annotation-tool-master/Image/238.png,152,72,250,344,people
/media/huiyu/Data/Project/Ubuntu/Tools/semi-auto-image-annotation-tool-master/Image/238.png,259,75,343,343,people
/media/huiyu/Data/Project/Ubuntu/Tools/semi-auto-image-annotation-tool-master/Image/239.png,75,198,124,299,people
/media/huiyu/Data/Project/Ubuntu/Tools/semi-auto-image-annotation-tool-master/Image/239.png,234,294,298,334,people
/media/huiyu/Data/Project/Ubuntu/Tools/semi-auto-image-annotation-tool-master/Image/239.png,327,290,374,342,people
/media/huiyu/Data/Project/Ubuntu/Tools/semi-auto-image-annotation-tool-master/Image/239.png,111,56,423,202,building
/media/huiyu/Data/Project/Ubuntu/Tools/semi-auto-image-annotation-tool-master/Image/24.png,86,69,332,489,people
/media/huiyu/Data/Project/Ubuntu/Tools/semi-auto-image-annotation-tool-master/Image/24.png,109,90,322,291,face
/media/huiyu/Data/Project/Ubuntu/Tools/semi-auto-image-annotation-tool-master/Image/240.png,69,86,106,132,face
/media/huiyu/Data/Project/Ubuntu/Tools/semi-auto-image-annotation-tool-master/Image/240.png,130,72,163,109,face
/media/huiyu/Data/Project/Ubuntu/Tools/semi-auto-image-annotation-tool-master/Image/240.png,221,72,256,120,face
/media/huiyu/Data/Project/Ubuntu/Tools/semi-auto-image-annotation-tool-master/Image/240.png,273,91,301,133,face
/media/huiyu/Data/Project/Ubuntu/Tools/semi-auto-image-annotation-tool-master/Image/240.png,325,94,365,135,face
/media/huiyu/Data/Project/Ubuntu/Tools/semi-auto-image-annotation-tool-master/Image/240.png,390,89,434,130,face
/media/huiyu/Data/Project/Ubuntu/Tools/semi-auto-image-annotation-tool-master/Image/240.png,48,82,126,323,people
/media/huiyu/Data/Project/Ubuntu/Tools/semi-auto-image-annotation-tool-master/Image/240.png,127,61,182,332,people
/media/huiyu/Data/Project/Ubuntu/Tools/semi-auto-image-annotation-tool-master/Image/240.png,192,55,258,330,people
/media/huiyu/Data/Project/Ubuntu/Tools/semi-auto-image-annotation-tool-master/Image/240.png,267,68,309,331,people
/media/huiyu/Data/Project/Ubuntu/Tools/semi-auto-image-annotation-tool-master/Image/240.png,315,88,373,337,people
/media/huiyu/Data/Project/Ubuntu/Tools/semi-auto-image-annotation-tool-master/Image/240.png,386,81,456,338,people
/media/huiyu/Data/Project/Ubuntu/Tools/semi-auto-image-annotation-tool-master/Image/241.png,132,74,229,201,face
/media/huiyu/Data/Project/Ubuntu/Tools/semi-auto-image-annotation-tool-master/Image/241.png,96,63,302,489,people
/media/huiyu/Data/Project/Ubuntu/Tools/semi-auto-image-annotation-tool-master/Image/242.png,208,118,305,311,people
/media/huiyu/Data/Project/Ubuntu/Tools/semi-auto-image-annotation-tool-master/Image/242.png,228,124,275,185,face
/media/huiyu/Data/Project/Ubuntu/Tools/semi-auto-image-annotation-tool-master/Image/242.png,87,33,310,121,object
/media/huiyu/Data/Project/Ubuntu/Tools/semi-auto-image-annotation-tool-master/Image/243.png,69,166,210,247,people group
/media/huiyu/Data/Project/Ubuntu/Tools/semi-auto-image-annotation-tool-master/Image/243.png,300,137,488,241,people group
/media/huiyu/Data/Project/Ubuntu/Tools/semi-auto-image-annotation-tool-master/Image/243.png,24,252,219,346,object
/media/huiyu/Data/Project/Ubuntu/Tools/semi-auto-image-annotation-tool-master/Image/243.png,280,245,380,349,object
/media/huiyu/Data/Project/Ubuntu/Tools/semi-auto-image-annotation-tool-master/Image/244.png,81,64,122,112,face
/media/huiyu/Data/Project/Ubuntu/Tools/semi-auto-image-annotation-tool-master/Image/244.png,160,100,192,140,face
/media/huiyu/Data/Project/Ubuntu/Tools/semi-auto-image-annotation-tool-master/Image/244.png,220,86,249,129,face
/media/huiyu/Data/Project/Ubuntu/Tools/semi-auto-image-annotation-tool-master/Image/244.png,271,82,299,124,face
/media/huiyu/Data/Project/Ubuntu/Tools/semi-auto-image-annotation-tool-master/Image/244.png,310,104,336,137,face
/media/huiyu/Data/Project/Ubuntu/Tools/semi-auto-image-annotation-tool-master/Image/244.png,340,79,365,112,face
/media/huiyu/Data/Project/Ubuntu/Tools/semi-auto-image-annotation-tool-master/Image/244.png,381,102,495,194,people background
/media/huiyu/Data/Project/Ubuntu/Tools/semi-auto-image-annotation-tool-master/Image/244.png,7,107,57,276,people background
/media/huiyu/Data/Project/Ubuntu/Tools/semi-auto-image-annotation-tool-master/Image/244.png,66,62,140,357,people
/media/huiyu/Data/Project/Ubuntu/Tools/semi-auto-image-annotation-tool-master/Image/244.png,146,98,208,349,people
/media/huiyu/Data/Project/Ubuntu/Tools/semi-auto-image-annotation-tool-master/Image/244.png,214,82,260,318,people
/media/huiyu/Data/Project/Ubuntu/Tools/semi-auto-image-annotation-tool-master/Image/244.png,263,80,304,290,people
/media/huiyu/Data/Project/Ubuntu/Tools/semi-auto-image-annotation-tool-master/Image/244.png,308,96,342,280,people
/media/huiyu/Data/Project/Ubuntu/Tools/semi-auto-image-annotation-tool-master/Image/244.png,338,76,372,250,people
/media/huiyu/Data/Project/Ubuntu/Tools/semi-auto-image-annotation-tool-master/Image/245.png,107,44,364,286,text
/media/huiyu/Data/Project/Ubuntu/Tools/semi-auto-image-annotation-tool-master/Image/246.png,235,99,423,283,face
/media/huiyu/Data/Project/Ubuntu/Tools/semi-auto-image-annotation-tool-master/Image/247.png,244,59,297,258,building
/media/huiyu/Data/Project/Ubuntu/Tools/semi-auto-image-annotation-tool-master/Image/247.png,86,268,366,482,object
/media/huiyu/Data/Project/Ubuntu/Tools/semi-auto-image-annotation-tool-master/Image/248.png,166,42,434,331,people group
/media/huiyu/Data/Project/Ubuntu/Tools/semi-auto-image-annotation-tool-master/Image/248.png,206,77,299,146,face
/media/huiyu/Data/Project/Ubuntu/Tools/semi-auto-image-annotation-tool-master/Image/248.png,325,91,410,175,hand
/media/huiyu/Data/Project/Ubuntu/Tools/semi-auto-image-annotation-tool-master/Image/249.png,110,55,228,274,animal
/media/huiyu/Data/Project/Ubuntu/Tools/semi-auto-image-annotation-tool-master/Image/25.png,101,20,333,250,animal
/media/huiyu/Data/Project/Ubuntu/Tools/semi-auto-image-annotation-tool-master/Image/252.png,169,85,281,180,face
/media/huiyu/Data/Project/Ubuntu/Tools/semi-auto-image-annotation-tool-master/Image/253.png,52,25,188,199,building
/media/huiyu/Data/Project/Ubuntu/Tools/semi-auto-image-annotation-tool-master/Image/253.png,243,112,340,225,train
/media/huiyu/Data/Project/Ubuntu/Tools/semi-auto-image-annotation-tool-master/Image/253.png,62,4,111,369,object
/media/huiyu/Data/Project/Ubuntu/Tools/semi-auto-image-annotation-tool-master/Image/253.png,432,8,466,294,object
/media/huiyu/Data/Project/Ubuntu/Tools/semi-auto-image-annotation-tool-master/Image/254.png,134,141,491,318,people group
/media/huiyu/Data/Project/Ubuntu/Tools/semi-auto-image-annotation-tool-master/Image/254.png,166,162,200,200,face
/media/huiyu/Data/Project/Ubuntu/Tools/semi-auto-image-annotation-tool-master/Image/254.png,259,152,294,190,face
/media/huiyu/Data/Project/Ubuntu/Tools/semi-auto-image-annotation-tool-master/Image/254.png,391,160,424,206,face
/media/huiyu/Data/Project/Ubuntu/Tools/semi-auto-image-annotation-tool-master/Image/254.png,312,164,345,202,face
/media/huiyu/Data/Project/Ubuntu/Tools/semi-auto-image-annotation-tool-master/Image/255.png,117,75,268,489,people
/media/huiyu/Data/Project/Ubuntu/Tools/semi-auto-image-annotation-tool-master/Image/255.png,139,202,221,279,text
/media/huiyu/Data/Project/Ubuntu/Tools/semi-auto-image-annotation-tool-master/Image/256.png,145,75,228,220,face
/media/huiyu/Data/Project/Ubuntu/Tools/semi-auto-image-annotation-tool-master/Image/256.png,93,62,323,460,people
/media/huiyu/Data/Project/Ubuntu/Tools/semi-auto-image-annotation-tool-master/Image/257.png,52,75,338,376,people group
/media/huiyu/Data/Project/Ubuntu/Tools/semi-auto-image-annotation-tool-master/Image/257.png,65,100,109,163,face
/media/huiyu/Data/Project/Ubuntu/Tools/semi-auto-image-annotation-tool-master/Image/257.png,124,147,171,208,face
/media/huiyu/Data/Project/Ubuntu/Tools/semi-auto-image-annotation-tool-master/Image/257.png,142,81,189,133,face
/media/huiyu/Data/Project/Ubuntu/Tools/semi-auto-image-annotation-tool-master/Image/257.png,200,88,248,156,face
/media/huiyu/Data/Project/Ubuntu/Tools/semi-auto-image-annotation-tool-master/Image/259.png,39,80,105,161,face
/media/huiyu/Data/Project/Ubuntu/Tools/semi-auto-image-annotation-tool-master/Image/259.png,153,122,214,184,face
/media/huiyu/Data/Project/Ubuntu/Tools/semi-auto-image-annotation-tool-master/Image/259.png,313,111,351,166,face
/media/huiyu/Data/Project/Ubuntu/Tools/semi-auto-image-annotation-tool-master/Image/259.png,22,49,136,322,people
/media/huiyu/Data/Project/Ubuntu/Tools/semi-auto-image-annotation-tool-master/Image/259.png,133,88,248,232,people
/media/huiyu/Data/Project/Ubuntu/Tools/semi-auto-image-annotation-tool-master/Image/259.png,289,98,378,199,people
/media/huiyu/Data/Project/Ubuntu/Tools/semi-auto-image-annotation-tool-master/Image/259.png,239,185,370,254,hand
/media/huiyu/Data/Project/Ubuntu/Tools/semi-auto-image-annotation-tool-master/Image/26.png,79,119,417,239,animal
/media/huiyu/Data/Project/Ubuntu/Tools/semi-auto-image-annotation-tool-master/Image/260.png,86,160,273,461,face
/media/huiyu/Data/Project/Ubuntu/Tools/semi-auto-image-annotation-tool-master/Image/261.png,116,64,382,329,face
/media/huiyu/Data/Project/Ubuntu/Tools/semi-auto-image-annotation-tool-master/Image/262.png,217,100,296,212,face
/media/huiyu/Data/Project/Ubuntu/Tools/semi-auto-image-annotation-tool-master/Image/262.png,179,95,365,368,people
/media/huiyu/Data/Project/Ubuntu/Tools/semi-auto-image-annotation-tool-master/Image/263.png,150,103,324,220,animal
/media/huiyu/Data/Project/Ubuntu/Tools/semi-auto-image-annotation-tool-master/Image/265.png,250,173,269,197,object
/media/huiyu/Data/Project/Ubuntu/Tools/semi-auto-image-annotation-tool-master/Image/265.png,232,153,269,254,people
/media/huiyu/Data/Project/Ubuntu/Tools/semi-auto-image-annotation-tool-master/Image/265.png,436,131,462,211,people
/media/huiyu/Data/Project/Ubuntu/Tools/semi-auto-image-annotation-tool-master/Image/265.png,23,41,487,125,people group
/media/huiyu/Data/Project/Ubuntu/Tools/semi-auto-image-annotation-tool-master/Image/266.png,81,29,250,488,people
/media/huiyu/Data/Project/Ubuntu/Tools/semi-auto-image-annotation-tool-master/Image/266.png,118,48,201,150,face
/media/huiyu/Data/Project/Ubuntu/Tools/semi-auto-image-annotation-tool-master/Image/267.png,153,71,219,165,face
/media/huiyu/Data/Project/Ubuntu/Tools/semi-auto-image-annotation-tool-master/Image/267.png,362,84,499,204,face
/media/huiyu/Data/Project/Ubuntu/Tools/semi-auto-image-annotation-tool-master/Image/267.png,14,99,131,192,people background
/media/huiyu/Data/Project/Ubuntu/Tools/semi-auto-image-annotation-tool-master/Image/267.png,144,67,283,322,people
/media/huiyu/Data/Project/Ubuntu/Tools/semi-auto-image-annotation-tool-master/Image/267.png,323,15,500,304,people
/media/huiyu/Data/Project/Ubuntu/Tools/semi-auto-image-annotation-tool-master/Image/268.png,142,53,312,344,animal
/media/huiyu/Data/Project/Ubuntu/Tools/semi-auto-image-annotation-tool-master/Image/269.png,124,13,288,304,face
/media/huiyu/Data/Project/Ubuntu/Tools/semi-auto-image-annotation-tool-master/Image/27.png,6,108,123,202,object
/media/huiyu/Data/Project/Ubuntu/Tools/semi-auto-image-annotation-tool-master/Image/27.png,143,157,280,267,object
/media/huiyu/Data/Project/Ubuntu/Tools/semi-auto-image-annotation-tool-master/Image/27.png,297,127,489,205,object
/media/huiyu/Data/Project/Ubuntu/Tools/semi-auto-image-annotation-tool-master/Image/27.png,144,93,292,148,object
/media/huiyu/Data/Project/Ubuntu/Tools/semi-auto-image-annotation-tool-master/Image/270.png,197,241,321,344,people group
/media/huiyu/Data/Project/Ubuntu/Tools/semi-auto-image-annotation-tool-master/Image/270.png,62,248,106,337,people
/media/huiyu/Data/Project/Ubuntu/Tools/semi-auto-image-annotation-tool-master/Image/270.png,330,231,350,260,people
/media/huiyu/Data/Project/Ubuntu/Tools/semi-auto-image-annotation-tool-master/Image/270.png,395,221,421,267,people
/media/huiyu/Data/Project/Ubuntu/Tools/semi-auto-image-annotation-tool-master/Image/270.png,430,231,455,270,people
/media/huiyu/Data/Project/Ubuntu/Tools/semi-auto-image-annotation-tool-master/Image/270.png,416,302,488,370,object
/media/huiyu/Data/Project/Ubuntu/Tools/semi-auto-image-annotation-tool-master/Image/271.png,60,61,454,281,car
/media/huiyu/Data/Project/Ubuntu/Tools/semi-auto-image-annotation-tool-master/Image/272.png,133,107,274,400,people
/media/huiyu/Data/Project/Ubuntu/Tools/semi-auto-image-annotation-tool-master/Image/272.png,187,110,220,163,face
/media/huiyu/Data/Project/Ubuntu/Tools/semi-auto-image-annotation-tool-master/Image/272.png,226,408,280,494,object
/media/huiyu/Data/Project/Ubuntu/Tools/semi-auto-image-annotation-tool-master/Image/273.png,192,85,295,352,people
/media/huiyu/Data/Project/Ubuntu/Tools/semi-auto-image-annotation-tool-master/Image/273.png,119,131,175,185,hand
/media/huiyu/Data/Project/Ubuntu/Tools/semi-auto-image-annotation-tool-master/Image/274.png,99,71,439,300,building
/media/huiyu/Data/Project/Ubuntu/Tools/semi-auto-image-annotation-tool-master/Image/274.png,90,309,237,368,people group
/media/huiyu/Data/Project/Ubuntu/Tools/semi-auto-image-annotation-tool-master/Image/275.png,137,285,268,459,object
/media/huiyu/Data/Project/Ubuntu/Tools/semi-auto-image-annotation-tool-master/Image/275.png,21,96,130,173,object
/media/huiyu/Data/Project/Ubuntu/Tools/semi-auto-image-annotation-tool-master/Image/276.png,178,224,301,468,object
/media/huiyu/Data/Project/Ubuntu/Tools/semi-auto-image-annotation-tool-master/Image/276.png,219,166,264,225,object
/media/huiyu/Data/Project/Ubuntu/Tools/semi-auto-image-annotation-tool-master/Image/276.png,123,6,214,127,object
/media/huiyu/Data/Project/Ubuntu/Tools/semi-auto-image-annotation-tool-master/Image/276.png,231,6,325,121,object
/media/huiyu/Data/Project/Ubuntu/Tools/semi-auto-image-annotation-tool-master/Image/276.png,77,231,138,265,object
/media/huiyu/Data/Project/Ubuntu/Tools/semi-auto-image-annotation-tool-master/Image/277.png,206,77,453,306,object
/media/huiyu/Data/Project/Ubuntu/Tools/semi-auto-image-annotation-tool-master/Image/277.png,72,96,126,185,object
/media/huiyu/Data/Project/Ubuntu/Tools/semi-auto-image-annotation-tool-master/Image/277.png,283,2,404,51,object
/media/huiyu/Data/Project/Ubuntu/Tools/semi-auto-image-annotation-tool-master/Image/277.png,124,1,167,60,object
/media/huiyu/Data/Project/Ubuntu/Tools/semi-auto-image-annotation-tool-master/Image/277.png,170,65,196,94,object
/media/huiyu/Data/Project/Ubuntu/Tools/semi-auto-image-annotation-tool-master/Image/278.png,21,85,61,130,object
/media/huiyu/Data/Project/Ubuntu/Tools/semi-auto-image-annotation-tool-master/Image/278.png,297,71,330,102,object
/media/huiyu/Data/Project/Ubuntu/Tools/semi-auto-image-annotation-tool-master/Image/278.png,139,2,243,55,object
/media/huiyu/Data/Project/Ubuntu/Tools/semi-auto-image-annotation-tool-master/Image/278.png,388,2,466,62,object
/media/huiyu/Data/Project/Ubuntu/Tools/semi-auto-image-annotation-tool-master/Image/278.png,5,197,98,316,object
/media/huiyu/Data/Project/Ubuntu/Tools/semi-auto-image-annotation-tool-master/Image/278.png,103,104,322,269,object
/media/huiyu/Data/Project/Ubuntu/Tools/semi-auto-image-annotation-tool-master/Image/279.png,122,68,199,108,text
/media/huiyu/Data/Project/Ubuntu/Tools/semi-auto-image-annotation-tool-master/Image/279.png,198,201,243,315,people
/media/huiyu/Data/Project/Ubuntu/Tools/semi-auto-image-annotation-tool-master/Image/279.png,109,247,191,311,object
/media/huiyu/Data/Project/Ubuntu/Tools/semi-auto-image-annotation-tool-master/Image/279.png,161,176,191,218,people background
/media/huiyu/Data/Project/Ubuntu/Tools/semi-auto-image-annotation-tool-master/Image/28.png,235,81,403,315,face
/media/huiyu/Data/Project/Ubuntu/Tools/semi-auto-image-annotation-tool-master/Image/28.png,115,110,211,150,car
/media/huiyu/Data/Project/Ubuntu/Tools/semi-auto-image-annotation-tool-master/Image/280.png,117,232,319,291,car
/media/huiyu/Data/Project/Ubuntu/Tools/semi-auto-image-annotation-tool-master/Image/280.png,3,226,99,294,car
/media/huiyu/Data/Project/Ubuntu/Tools/semi-auto-image-annotation-tool-master/Image/280.png,190,3,302,225,plant
/media/huiyu/Data/Project/Ubuntu/Tools/semi-auto-image-annotation-tool-master/Image/281.png,254,229,404,287,car
/media/huiyu/Data/Project/Ubuntu/Tools/semi-auto-image-annotation-tool-master/Image/281.png,90,225,194,272,car
/media/huiyu/Data/Project/Ubuntu/Tools/semi-auto-image-annotation-tool-master/Image/281.png,30,222,83,258,car
/media/huiyu/Data/Project/Ubuntu/Tools/semi-auto-image-annotation-tool-master/Image/281.png,24,79,110,218,building
/media/huiyu/Data/Project/Ubuntu/Tools/semi-auto-image-annotation-tool-master/Image/281.png,117,52,325,216,building
/media/huiyu/Data/Project/Ubuntu/Tools/semi-auto-image-annotation-tool-master/Image/281.png,348,31,494,226,building
/media/huiyu/Data/Project/Ubuntu/Tools/semi-auto-image-annotation-tool-master/Image/281.png,439,216,468,295,people
/media/huiyu/Data/Project/Ubuntu/Tools/semi-auto-image-annotation-tool-master/Image/281.png,211,207,233,257,people
/media/huiyu/Data/Project/Ubuntu/Tools/semi-auto-image-annotation-tool-master/Image/282.png,174,11,207,68,face
/media/huiyu/Data/Project/Ubuntu/Tools/semi-auto-image-annotation-tool-master/Image/282.png,216,0,333,47,text
/media/huiyu/Data/Project/Ubuntu/Tools/semi-auto-image-annotation-tool-master/Image/282.png,142,8,250,389,people
/media/huiyu/Data/Project/Ubuntu/Tools/semi-auto-image-annotation-tool-master/Image/283.png,447,203,496,330,people
/media/huiyu/Data/Project/Ubuntu/Tools/semi-auto-image-annotation-tool-master/Image/283.png,32,197,184,300,people group
/media/huiyu/Data/Project/Ubuntu/Tools/semi-auto-image-annotation-tool-master/Image/283.png,325,125,445,311,train
/media/huiyu/Data/Project/Ubuntu/Tools/semi-auto-image-annotation-tool-master/Image/284.png,23,71,126,238,people
/media/huiyu/Data/Project/Ubuntu/Tools/semi-auto-image-annotation-tool-master/Image/284.png,47,86,92,142,face
/media/huiyu/Data/Project/Ubuntu/Tools/semi-auto-image-annotation-tool-master/Image/284.png,150,121,243,242,face
/media/huiyu/Data/Project/Ubuntu/Tools/semi-auto-image-annotation-tool-master/Image/284.png,90,88,358,366,people
/media/huiyu/Data/Project/Ubuntu/Tools/semi-auto-image-annotation-tool-master/Image/285.png,163,23,242,129,face
/media/huiyu/Data/Project/Ubuntu/Tools/semi-auto-image-annotation-tool-master/Image/285.png,105,321,243,491,hand
/media/huiyu/Data/Project/Ubuntu/Tools/semi-auto-image-annotation-tool-master/Image/285.png,155,9,336,446,people
/media/huiyu/Data/Project/Ubuntu/Tools/semi-auto-image-annotation-tool-master/Image/286.png,128,19,421,203,animal
/media/huiyu/Data/Project/Ubuntu/Tools/semi-auto-image-annotation-tool-master/Image/286.png,89,231,390,432,animal
/media/huiyu/Data/Project/Ubuntu/Tools/semi-auto-image-annotation-tool-master/Image/287.png,174,30,311,140,face
/media/huiyu/Data/Project/Ubuntu/Tools/semi-auto-image-annotation-tool-master/Image/287.png,251,131,433,258,hand
/media/huiyu/Data/Project/Ubuntu/Tools/semi-auto-image-annotation-tool-master/Image/287.png,26,26,332,273,people
/media/huiyu/Data/Project/Ubuntu/Tools/semi-auto-image-annotation-tool-master/Image/288.png,140,99,215,466,object
/media/huiyu/Data/Project/Ubuntu/Tools/semi-auto-image-annotation-tool-master/Image/289.png,233,152,292,214,face
/media/huiyu/Data/Project/Ubuntu/Tools/semi-auto-image-annotation-tool-master/Image/289.png,119,136,177,256,hand
/media/huiyu/Data/Project/Ubuntu/Tools/semi-auto-image-annotation-tool-master/Image/289.png,182,143,358,369,people
/media/huiyu/Data/Project/Ubuntu/Tools/semi-auto-image-annotation-tool-master/Image/29.png,22,23,142,372,people
/media/huiyu/Data/Project/Ubuntu/Tools/semi-auto-image-annotation-tool-master/Image/29.png,186,60,352,268,people
/media/huiyu/Data/Project/Ubuntu/Tools/semi-auto-image-annotation-tool-master/Image/29.png,339,41,493,355,people
/media/huiyu/Data/Project/Ubuntu/Tools/semi-auto-image-annotation-tool-master/Image/29.png,43,68,126,142,face
/media/huiyu/Data/Project/Ubuntu/Tools/semi-auto-image-annotation-tool-master/Image/29.png,256,85,325,175,face
/media/huiyu/Data/Project/Ubuntu/Tools/semi-auto-image-annotation-tool-master/Image/29.png,361,53,429,145,face
/media/huiyu/Data/Project/Ubuntu/Tools/semi-auto-image-annotation-tool-master/Image/29.png,163,220,359,358,hand
/media/huiyu/Data/Project/Ubuntu/Tools/semi-auto-image-annotation-tool-master/Image/290.png,118,109,155,158,face
/media/huiyu/Data/Project/Ubuntu/Tools/semi-auto-image-annotation-tool-master/Image/290.png,253,132,296,174,face
/media/huiyu/Data/Project/Ubuntu/Tools/semi-auto-image-annotation-tool-master/Image/290.png,294,95,332,152,face
/media/huiyu/Data/Project/Ubuntu/Tools/semi-auto-image-annotation-tool-master/Image/290.png,344,52,373,106,face
/media/huiyu/Data/Project/Ubuntu/Tools/semi-auto-image-annotation-tool-master/Image/290.png,378,51,412,104,face
/media/huiyu/Data/Project/Ubuntu/Tools/semi-auto-image-annotation-tool-master/Image/290.png,86,98,205,325,people
/media/huiyu/Data/Project/Ubuntu/Tools/semi-auto-image-annotation-tool-master/Image/290.png,254,44,483,322,people group
/media/huiyu/Data/Project/Ubuntu/Tools/semi-auto-image-annotation-tool-master/Image/291.png,150,137,231,247,face
/media/huiyu/Data/Project/Ubuntu/Tools/semi-auto-image-annotation-tool-master/Image/291.png,252,127,337,221,face
/media/huiyu/Data/Project/Ubuntu/Tools/semi-auto-image-annotation-tool-master/Image/291.png,83,127,240,366,people
/media/huiyu/Data/Project/Ubuntu/Tools/semi-auto-image-annotation-tool-master/Image/291.png,241,110,407,364,people
/media/huiyu/Data/Project/Ubuntu/Tools/semi-auto-image-annotation-tool-master/Image/292.png,7,6,112,179,people
/media/huiyu/Data/Project/Ubuntu/Tools/semi-auto-image-annotation-tool-master/Image/292.png,117,78,253,352,people
/media/huiyu/Data/Project/Ubuntu/Tools/semi-auto-image-annotation-tool-master/Image/292.png,248,43,387,361,people
/media/huiyu/Data/Project/Ubuntu/Tools/semi-auto-image-annotation-tool-master/Image/292.png,181,89,242,183,face
/media/huiyu/Data/Project/Ubuntu/Tools/semi-auto-image-annotation-tool-master/Image/292.png,260,79,331,138,face
/media/huiyu/Data/Project/Ubuntu/Tools/semi-auto-image-annotation-tool-master/Image/293.png,152,14,365,258,building
/media/huiyu/Data/Project/Ubuntu/Tools/semi-auto-image-annotation-tool-master/Image/294.png,317,232,383,321,face
/media/huiyu/Data/Project/Ubuntu/Tools/semi-auto-image-annotation-tool-master/Image/294.png,4,171,34,216,face
/media/huiyu/Data/Project/Ubuntu/Tools/semi-auto-image-annotation-tool-master/Image/294.png,36,171,101,240,face
/media/huiyu/Data/Project/Ubuntu/Tools/semi-auto-image-annotation-tool-master/Image/294.png,455,144,506,220,face
/media/huiyu/Data/Project/Ubuntu/Tools/semi-auto-image-annotation-tool-master/Image/294.png,13,107,495,164,people group
/media/huiyu/Data/Project/Ubuntu/Tools/semi-auto-image-annotation-tool-master/Image/294.png,13,165,495,341,people group
/media/huiyu/Data/Project/Ubuntu/Tools/semi-auto-image-annotation-tool-master/Image/295.png,268,99,349,170,hand
/media/huiyu/Data/Project/Ubuntu/Tools/semi-auto-image-annotation-tool-master/Image/295.png,144,62,357,241,people
/media/huiyu/Data/Project/Ubuntu/Tools/semi-auto-image-annotation-tool-master/Image/296.png,239,115,383,371,people
/media/huiyu/Data/Project/Ubuntu/Tools/semi-auto-image-annotation-tool-master/Image/296.png,390,193,496,367,people
/media/huiyu/Data/Project/Ubuntu/Tools/semi-auto-image-annotation-tool-master/Image/296.png,64,106,164,364,people
/media/huiyu/Data/Project/Ubuntu/Tools/semi-auto-image-annotation-tool-master/Image/296.png,405,203,454,275,face
/media/huiyu/Data/Project/Ubuntu/Tools/semi-auto-image-annotation-tool-master/Image/296.png,245,121,321,194,face
/media/huiyu/Data/Project/Ubuntu/Tools/semi-auto-image-annotation-tool-master/Image/296.png,4,58,52,163,face
/media/huiyu/Data/Project/Ubuntu/Tools/semi-auto-image-annotation-tool-master/Image/296.png,81,119,129,178,face
/media/huiyu/Data/Project/Ubuntu/Tools/semi-auto-image-annotation-tool-master/Image/296.png,160,180,197,229,face
/media/huiyu/Data/Project/Ubuntu/Tools/semi-auto-image-annotation-tool-master/Image/296.png,197,167,251,248,hand
/media/huiyu/Data/Project/Ubuntu/Tools/semi-auto-image-annotation-tool-master/Image/297.png,47,156,115,235,face
/media/huiyu/Data/Project/Ubuntu/Tools/semi-auto-image-annotation-tool-master/Image/297.png,252,89,314,148,face
/media/huiyu/Data/Project/Ubuntu/Tools/semi-auto-image-annotation-tool-master/Image/297.png,414,106,456,148,face
/media/huiyu/Data/Project/Ubuntu/Tools/semi-auto-image-annotation-tool-master/Image/297.png,16,61,48,97,face
/media/huiyu/Data/Project/Ubuntu/Tools/semi-auto-image-annotation-tool-master/Image/297.png,82,63,108,99,face
/media/huiyu/Data/Project/Ubuntu/Tools/semi-auto-image-annotation-tool-master/Image/297.png,13,139,195,368,people
/media/huiyu/Data/Project/Ubuntu/Tools/semi-auto-image-annotation-tool-master/Image/297.png,215,80,354,353,people
/media/huiyu/Data/Project/Ubuntu/Tools/semi-auto-image-annotation-tool-master/Image/297.png,368,64,492,365,people
/media/huiyu/Data/Project/Ubuntu/Tools/semi-auto-image-annotation-tool-master/Image/297.png,10,53,68,132,people
/media/huiyu/Data/Project/Ubuntu/Tools/semi-auto-image-annotation-tool-master/Image/297.png,72,53,134,145,people
/media/huiyu/Data/Project/Ubuntu/Tools/semi-auto-image-annotation-tool-master/Image/298.png,133,28,397,314,face
/media/huiyu/Data/Project/Ubuntu/Tools/semi-auto-image-annotation-tool-master/Image/299.png,284,205,366,259,object
/media/huiyu/Data/Project/Ubuntu/Tools/semi-auto-image-annotation-tool-master/Image/299.png,250,144,355,181,object
/media/huiyu/Data/Project/Ubuntu/Tools/semi-auto-image-annotation-tool-master/Image/299.png,359,145,456,180,object
/media/huiyu/Data/Project/Ubuntu/Tools/semi-auto-image-annotation-tool-master/Image/299.png,89,170,113,266,people
/media/huiyu/Data/Project/Ubuntu/Tools/semi-auto-image-annotation-tool-master/Image/299.png,123,175,154,291,people
/media/huiyu/Data/Project/Ubuntu/Tools/semi-auto-image-annotation-tool-master/Image/299.png,167,180,205,281,people
/media/huiyu/Data/Project/Ubuntu/Tools/semi-auto-image-annotation-tool-master/Image/299.png,58,209,86,270,object
/media/huiyu/Data/Project/Ubuntu/Tools/semi-auto-image-annotation-tool-master/Image/3.png,84,24,237,201,face
/media/huiyu/Data/Project/Ubuntu/Tools/semi-auto-image-annotation-tool-master/Image/3.png,111,338,343,496,hand
/media/huiyu/Data/Project/Ubuntu/Tools/semi-auto-image-annotation-tool-master/Image/3.png,38,13,342,493,people
/media/huiyu/Data/Project/Ubuntu/Tools/semi-auto-image-annotation-tool-master/Image/30.png,69,195,137,284,face
/media/huiyu/Data/Project/Ubuntu/Tools/semi-auto-image-annotation-tool-master/Image/30.png,209,257,272,336,face
/media/huiyu/Data/Project/Ubuntu/Tools/semi-auto-image-annotation-tool-master/Image/30.png,33,178,187,493,people
/media/huiyu/Data/Project/Ubuntu/Tools/semi-auto-image-annotation-tool-master/Image/30.png,198,226,324,492,people
/media/huiyu/Data/Project/Ubuntu/Tools/semi-auto-image-annotation-tool-master/Image/31.png,249,98,465,354,animal
/media/huiyu/Data/Project/Ubuntu/Tools/semi-auto-image-annotation-tool-master/Image/32.png,8,24,115,347,building
/media/huiyu/Data/Project/Ubuntu/Tools/semi-auto-image-annotation-tool-master/Image/32.png,126,161,215,300,building
/media/huiyu/Data/Project/Ubuntu/Tools/semi-auto-image-annotation-tool-master/Image/32.png,229,27,366,406,building
/media/huiyu/Data/Project/Ubuntu/Tools/semi-auto-image-annotation-tool-master/Image/32.png,173,297,210,335,ship
/media/huiyu/Data/Project/Ubuntu/Tools/semi-auto-image-annotation-tool-master/Image/32.png,207,336,255,369,ship
/media/huiyu/Data/Project/Ubuntu/Tools/semi-auto-image-annotation-tool-master/Image/32.png,209,416,369,498,ship
/media/huiyu/Data/Project/Ubuntu/Tools/semi-auto-image-annotation-tool-master/Image/33.png,96,222,165,365,object
/media/huiyu/Data/Project/Ubuntu/Tools/semi-auto-image-annotation-tool-master/Image/33.png,184,206,265,348,object
/media/huiyu/Data/Project/Ubuntu/Tools/semi-auto-image-annotation-tool-master/Image/33.png,274,200,441,256,object
/media/huiyu/Data/Project/Ubuntu/Tools/semi-auto-image-annotation-tool-master/Image/33.png,420,267,473,310,object
/media/huiyu/Data/Project/Ubuntu/Tools/semi-auto-image-annotation-tool-master/Image/33.png,266,7,494,85,object
/media/huiyu/Data/Project/Ubuntu/Tools/semi-auto-image-annotation-tool-master/Image/33.png,101,99,137,163,object
/media/huiyu/Data/Project/Ubuntu/Tools/semi-auto-image-annotation-tool-master/Image/33.png,122,176,161,216,object
/media/huiyu/Data/Project/Ubuntu/Tools/semi-auto-image-annotation-tool-master/Image/33.png,222,166,273,205,object
/media/huiyu/Data/Project/Ubuntu/Tools/semi-auto-image-annotation-tool-master/Image/33.png,293,106,354,204,text
/media/huiyu/Data/Project/Ubuntu/Tools/semi-auto-image-annotation-tool-master/Image/33.png,373,110,409,167,text
/media/huiyu/Data/Project/Ubuntu/Tools/semi-auto-image-annotation-tool-master/Image/34.png,35,2,302,166,face
/media/huiyu/Data/Project/Ubuntu/Tools/semi-auto-image-annotation-tool-master/Image/34.png,13,0,323,488,people
/media/huiyu/Data/Project/Ubuntu/Tools/semi-auto-image-annotation-tool-master/Image/35.png,107,110,176,197,face
/media/huiyu/Data/Project/Ubuntu/Tools/semi-auto-image-annotation-tool-master/Image/35.png,218,83,309,206,face
/media/huiyu/Data/Project/Ubuntu/Tools/semi-auto-image-annotation-tool-master/Image/35.png,440,109,498,220,face
/media/huiyu/Data/Project/Ubuntu/Tools/semi-auto-image-annotation-tool-master/Image/35.png,59,74,206,320,people
/media/huiyu/Data/Project/Ubuntu/Tools/semi-auto-image-annotation-tool-master/Image/35.png,214,68,417,324,people
/media/huiyu/Data/Project/Ubuntu/Tools/semi-auto-image-annotation-tool-master/Image/35.png,172,234,250,308,hand
/media/huiyu/Data/Project/Ubuntu/Tools/semi-auto-image-annotation-tool-master/Image/36.png,88,62,263,460,people
/media/huiyu/Data/Project/Ubuntu/Tools/semi-auto-image-annotation-tool-master/Image/37.png,236,324,303,369,car
/media/huiyu/Data/Project/Ubuntu/Tools/semi-auto-image-annotation-tool-master/Image/37.png,304,344,372,417,car
/media/huiyu/Data/Project/Ubuntu/Tools/semi-auto-image-annotation-tool-master/Image/37.png,173,150,210,330,building
/media/huiyu/Data/Project/Ubuntu/Tools/semi-auto-image-annotation-tool-master/Image/37.png,16,24,144,356,building
/media/huiyu/Data/Project/Ubuntu/Tools/semi-auto-image-annotation-tool-master/Image/37.png,225,131,368,320,building
/media/huiyu/Data/Project/Ubuntu/Tools/semi-auto-image-annotation-tool-master/Image/38.png,81,132,127,214,people
/media/huiyu/Data/Project/Ubuntu/Tools/semi-auto-image-annotation-tool-master/Image/38.png,376,25,429,149,people
/media/huiyu/Data/Project/Ubuntu/Tools/semi-auto-image-annotation-tool-master/Image/38.png,341,160,401,290,people
/media/huiyu/Data/Project/Ubuntu/Tools/semi-auto-image-annotation-tool-master/Image/38.png,108,193,243,249,animal
/media/huiyu/Data/Project/Ubuntu/Tools/semi-auto-image-annotation-tool-master/Image/38.png,269,179,353,222,animal
/media/huiyu/Data/Project/Ubuntu/Tools/semi-auto-image-annotation-tool-master/Image/38.png,95,136,127,167,face
/media/huiyu/Data/Project/Ubuntu/Tools/semi-auto-image-annotation-tool-master/Image/38.png,385,39,422,73,face
/media/huiyu/Data/Project/Ubuntu/Tools/semi-auto-image-annotation-tool-master/Image/39.png,3,288,60,435,face
/media/huiyu/Data/Project/Ubuntu/Tools/semi-auto-image-annotation-tool-master/Image/39.png,220,253,290,358,object
/media/huiyu/Data/Project/Ubuntu/Tools/semi-auto-image-annotation-tool-master/Image/4.png,19,49,279,344,object
/media/huiyu/Data/Project/Ubuntu/Tools/semi-auto-image-annotation-tool-master/Image/4.png,49,267,265,325,text
/media/huiyu/Data/Project/Ubuntu/Tools/semi-auto-image-annotation-tool-master/Image/40.png,30,78,236,165,animal
/media/huiyu/Data/Project/Ubuntu/Tools/semi-auto-image-annotation-tool-master/Image/40.png,114,140,308,277,animal
/media/huiyu/Data/Project/Ubuntu/Tools/semi-auto-image-annotation-tool-master/Image/40.png,326,104,427,224,animal
/media/huiyu/Data/Project/Ubuntu/Tools/semi-auto-image-annotation-tool-master/Image/41.png,340,67,388,126,face
/media/huiyu/Data/Project/Ubuntu/Tools/semi-auto-image-annotation-tool-master/Image/41.png,420,82,464,125,face
/media/huiyu/Data/Project/Ubuntu/Tools/semi-auto-image-annotation-tool-master/Image/41.png,29,64,86,134,face
/media/huiyu/Data/Project/Ubuntu/Tools/semi-auto-image-annotation-tool-master/Image/41.png,95,67,139,136,face
/media/huiyu/Data/Project/Ubuntu/Tools/semi-auto-image-annotation-tool-master/Image/41.png,135,113,175,158,face
/media/huiyu/Data/Project/Ubuntu/Tools/semi-auto-image-annotation-tool-master/Image/41.png,206,103,239,155,face
/media/huiyu/Data/Project/Ubuntu/Tools/semi-auto-image-annotation-tool-master/Image/41.png,289,101,323,144,face
/media/huiyu/Data/Project/Ubuntu/Tools/semi-auto-image-annotation-tool-master/Image/41.png,9,45,145,322,people group
/media/huiyu/Data/Project/Ubuntu/Tools/semi-auto-image-annotation-tool-master/Image/41.png,194,101,327,320,people group
/media/huiyu/Data/Project/Ubuntu/Tools/semi-auto-image-annotation-tool-master/Image/41.png,332,53,428,327,people
/media/huiyu/Data/Project/Ubuntu/Tools/semi-auto-image-annotation-tool-master/Image/41.png,429,70,493,264,people
/media/huiyu/Data/Project/Ubuntu/Tools/semi-auto-image-annotation-tool-master/Image/42.png,148,139,270,290,face
/media/huiyu/Data/Project/Ubuntu/Tools/semi-auto-image-annotation-tool-master/Image/42.png,334,218,359,285,people
/media/huiyu/Data/Project/Ubuntu/Tools/semi-auto-image-annotation-tool-master/Image/42.png,378,217,416,327,people
/media/huiyu/Data/Project/Ubuntu/Tools/semi-auto-image-annotation-tool-master/Image/43.png,150,100,357,214,animal
/media/huiyu/Data/Project/Ubuntu/Tools/semi-auto-image-annotation-tool-master/Image/43.png,76,177,444,368,object
/media/huiyu/Data/Project/Ubuntu/Tools/semi-auto-image-annotation-tool-master/Image/44.png,313,122,353,302,object
/media/huiyu/Data/Project/Ubuntu/Tools/semi-auto-image-annotation-tool-master/Image/44.png,8,72,303,210,building
/media/huiyu/Data/Project/Ubuntu/Tools/semi-auto-image-annotation-tool-master/Image/44.png,418,13,496,286,building
/media/huiyu/Data/Project/Ubuntu/Tools/semi-auto-image-annotation-tool-master/Image/44.png,168,219,279,262,car
/media/huiyu/Data/Project/Ubuntu/Tools/semi-auto-image-annotation-tool-master/Image/45.png,212,179,258,250,ship
/media/huiyu/Data/Project/Ubuntu/Tools/semi-auto-image-annotation-tool-master/Image/45.png,15,137,416,182,building
/media/huiyu/Data/Project/Ubuntu/Tools/semi-auto-image-annotation-tool-master/Image/45.png,294,82,358,147,building
/media/huiyu/Data/Project/Ubuntu/Tools/semi-auto-image-annotation-tool-master/Image/45.png,232,106,281,140,building
/media/huiyu/Data/Project/Ubuntu/Tools/semi-auto-image-annotation-tool-master/Image/45.png,415,3,460,105,building
/media/huiyu/Data/Project/Ubuntu/Tools/semi-auto-image-annotation-tool-master/Image/45.png,415,108,497,175,building
/media/huiyu/Data/Project/Ubuntu/Tools/semi-auto-image-annotation-tool-master/Image/46.png,166,159,388,220,object
/media/huiyu/Data/Project/Ubuntu/Tools/semi-auto-image-annotation-tool-master/Image/46.png,50,197,125,237,people group
/media/huiyu/Data/Project/Ubuntu/Tools/semi-auto-image-annotation-tool-master/Image/47.png,119,244,240,390,plant
/media/huiyu/Data/Project/Ubuntu/Tools/semi-auto-image-annotation-tool-master/Image/47.png,103,95,247,207,plant
/media/huiyu/Data/Project/Ubuntu/Tools/semi-auto-image-annotation-tool-master/Image/48.png,209,190,300,284,face
/media/huiyu/Data/Project/Ubuntu/Tools/semi-auto-image-annotation-tool-master/Image/48.png,197,160,372,465,people
/media/huiyu/Data/Project/Ubuntu/Tools/semi-auto-image-annotation-tool-master/Image/49.png,64,16,441,332,object
/media/huiyu/Data/Project/Ubuntu/Tools/semi-auto-image-annotation-tool-master/Image/49.png,187,76,238,226,people
/media/huiyu/Data/Project/Ubuntu/Tools/semi-auto-image-annotation-tool-master/Image/49.png,244,77,332,133,animal
/media/huiyu/Data/Project/Ubuntu/Tools/semi-auto-image-annotation-tool-master/Image/5.png,185,3,393,228,face
/media/huiyu/Data/Project/Ubuntu/Tools/semi-auto-image-annotation-tool-master/Image/50.png,63,191,114,320,people
/media/huiyu/Data/Project/Ubuntu/Tools/semi-auto-image-annotation-tool-master/Image/51.png,54,13,208,371,people
/media/huiyu/Data/Project/Ubuntu/Tools/semi-auto-image-annotation-tool-master/Image/51.png,333,26,491,370,people
/media/huiyu/Data/Project/Ubuntu/Tools/semi-auto-image-annotation-tool-master/Image/51.png,97,41,148,100,face
/media/huiyu/Data/Project/Ubuntu/Tools/semi-auto-image-annotation-tool-master/Image/51.png,361,46,430,132,face
/media/huiyu/Data/Project/Ubuntu/Tools/semi-auto-image-annotation-tool-master/Image/52.png,239,114,364,179,text
/media/huiyu/Data/Project/Ubuntu/Tools/semi-auto-image-annotation-tool-master/Image/52.png,367,121,476,251,text
/media/huiyu/Data/Project/Ubuntu/Tools/semi-auto-image-annotation-tool-master/Image/52.png,120,122,229,152,text
/media/huiyu/Data/Project/Ubuntu/Tools/semi-auto-image-annotation-tool-master/Image/52.png,261,193,344,304,object
/media/huiyu/Data/Project/Ubuntu/Tools/semi-auto-image-annotation-tool-master/Image/52.png,57,38,111,174,object
/media/huiyu/Data/Project/Ubuntu/Tools/semi-auto-image-annotation-tool-master/Image/52.png,18,0,73,53,object
/media/huiyu/Data/Project/Ubuntu/Tools/semi-auto-image-annotation-tool-master/Image/52.png,277,2,338,57,object
/media/huiyu/Data/Project/Ubuntu/Tools/semi-auto-image-annotation-tool-master/Image/53.png,71,27,194,332,people
/media/huiyu/Data/Project/Ubuntu/Tools/semi-auto-image-annotation-tool-master/Image/53.png,218,46,373,336,people
/media/huiyu/Data/Project/Ubuntu/Tools/semi-auto-image-annotation-tool-master/Image/53.png,255,83,308,142,face
/media/huiyu/Data/Project/Ubuntu/Tools/semi-auto-image-annotation-tool-master/Image/53.png,202,204,482,312,hand
/media/huiyu/Data/Project/Ubuntu/Tools/semi-auto-image-annotation-tool-master/Image/53.png,305,114,401,176,object
/media/huiyu/Data/Project/Ubuntu/Tools/semi-auto-image-annotation-tool-master/Image/54.png,97,63,230,220,face
/media/huiyu/Data/Project/Ubuntu/Tools/semi-auto-image-annotation-tool-master/Image/54.png,242,188,455,254,object
/media/huiyu/Data/Project/Ubuntu/Tools/semi-auto-image-annotation-tool-master/Image/54.png,2,4,70,158,text
/media/huiyu/Data/Project/Ubuntu/Tools/semi-auto-image-annotation-tool-master/Image/54.png,212,288,452,360,text
/media/huiyu/Data/Project/Ubuntu/Tools/semi-auto-image-annotation-tool-master/Image/54.png,5,240,206,371,object
/media/huiyu/Data/Project/Ubuntu/Tools/semi-auto-image-annotation-tool-master/Image/55.png,17,100,489,248,hand
/media/huiyu/Data/Project/Ubuntu/Tools/semi-auto-image-annotation-tool-master/Image/55.png,489,245,489,246,hand
/media/huiyu/Data/Project/Ubuntu/Tools/semi-auto-image-annotation-tool-master/Image/56.png,181,12,220,69,face
/media/huiyu/Data/Project/Ubuntu/Tools/semi-auto-image-annotation-tool-master/Image/56.png,305,54,350,94,face
/media/huiyu/Data/Project/Ubuntu/Tools/semi-auto-image-annotation-tool-master/Image/56.png,109,177,157,237,face
/media/huiyu/Data/Project/Ubuntu/Tools/semi-auto-image-annotation-tool-master/Image/56.png,304,173,347,235,face
/media/huiyu/Data/Project/Ubuntu/Tools/semi-auto-image-annotation-tool-master/Image/56.png,80,166,191,327,people
/media/huiyu/Data/Project/Ubuntu/Tools/semi-auto-image-annotation-tool-master/Image/56.png,278,164,399,331,people
/media/huiyu/Data/Project/Ubuntu/Tools/semi-auto-image-annotation-tool-master/Image/56.png,138,3,263,165,people
/media/huiyu/Data/Project/Ubuntu/Tools/semi-auto-image-annotation-tool-master/Image/56.png,273,35,407,159,people
/media/huiyu/Data/Project/Ubuntu/Tools/semi-auto-image-annotation-tool-master/Image/57.png,77,13,140,120,people
/media/huiyu/Data/Project/Ubuntu/Tools/semi-auto-image-annotation-tool-master/Image/57.png,372,23,443,108,people
/media/huiyu/Data/Project/Ubuntu/Tools/semi-auto-image-annotation-tool-master/Image/57.png,238,9,323,122,people
/media/huiyu/Data/Project/Ubuntu/Tools/semi-auto-image-annotation-tool-master/Image/57.png,98,17,119,40,face
/media/huiyu/Data/Project/Ubuntu/Tools/semi-auto-image-annotation-tool-master/Image/57.png,275,13,296,38,face
/media/huiyu/Data/Project/Ubuntu/Tools/semi-auto-image-annotation-tool-master/Image/57.png,394,27,413,55,face
/media/huiyu/Data/Project/Ubuntu/Tools/semi-auto-image-annotation-tool-master/Image/57.png,43,83,147,308,animal
/media/huiyu/Data/Project/Ubuntu/Tools/semi-auto-image-annotation-tool-master/Image/57.png,232,89,337,308,animal
/media/huiyu/Data/Project/Ubuntu/Tools/semi-auto-image-annotation-tool-master/Image/57.png,371,81,453,316,animal
/media/huiyu/Data/Project/Ubuntu/Tools/semi-auto-image-annotation-tool-master/Image/58.png,230,231,257,276,people
/media/huiyu/Data/Project/Ubuntu/Tools/semi-auto-image-annotation-tool-master/Image/58.png,273,183,312,273,people
/media/huiyu/Data/Project/Ubuntu/Tools/semi-auto-image-annotation-tool-master/Image/59.png,71,56,180,469,people
/media/huiyu/Data/Project/Ubuntu/Tools/semi-auto-image-annotation-tool-master/Image/59.png,175,10,306,464,people
/media/huiyu/Data/Project/Ubuntu/Tools/semi-auto-image-annotation-tool-master/Image/59.png,313,200,348,269,object
/media/huiyu/Data/Project/Ubuntu/Tools/semi-auto-image-annotation-tool-master/Image/59.png,120,60,169,125,face
/media/huiyu/Data/Project/Ubuntu/Tools/semi-auto-image-annotation-tool-master/Image/59.png,194,24,252,81,face
/media/huiyu/Data/Project/Ubuntu/Tools/semi-auto-image-annotation-tool-master/Image/6.png,161,65,359,305,animal
/media/huiyu/Data/Project/Ubuntu/Tools/semi-auto-image-annotation-tool-master/Image/6.png,3,2,135,365,object
/media/huiyu/Data/Project/Ubuntu/Tools/semi-auto-image-annotation-tool-master/Image/60.png,147,48,336,436,people
/media/huiyu/Data/Project/Ubuntu/Tools/semi-auto-image-annotation-tool-master/Image/61.png,180,144,273,328,animal
/media/huiyu/Data/Project/Ubuntu/Tools/semi-auto-image-annotation-tool-master/Image/62.png,2,9,181,495,building
/media/huiyu/Data/Project/Ubuntu/Tools/semi-auto-image-annotation-tool-master/Image/62.png,191,245,364,493,building
/media/huiyu/Data/Project/Ubuntu/Tools/semi-auto-image-annotation-tool-master/Image/62.png,60,345,149,447,object
/media/huiyu/Data/Project/Ubuntu/Tools/semi-auto-image-annotation-tool-master/Image/62.png,208,393,267,464,object
/media/huiyu/Data/Project/Ubuntu/Tools/semi-auto-image-annotation-tool-master/Image/63.png,7,137,121,364,people
/media/huiyu/Data/Project/Ubuntu/Tools/semi-auto-image-annotation-tool-master/Image/63.png,185,97,257,361,people
/media/huiyu/Data/Project/Ubuntu/Tools/semi-auto-image-annotation-tool-master/Image/63.png,277,127,353,358,people
/media/huiyu/Data/Project/Ubuntu/Tools/semi-auto-image-annotation-tool-master/Image/63.png,363,115,427,365,people
/media/huiyu/Data/Project/Ubuntu/Tools/semi-auto-image-annotation-tool-master/Image/63.png,8,199,138,268,hand
/media/huiyu/Data/Project/Ubuntu/Tools/semi-auto-image-annotation-tool-master/Image/63.png,147,221,185,271,object
/media/huiyu/Data/Project/Ubuntu/Tools/semi-auto-image-annotation-tool-master/Image/64.png,114,154,238,483,people
/media/huiyu/Data/Project/Ubuntu/Tools/semi-auto-image-annotation-tool-master/Image/64.png,149,167,195,224,face
/media/huiyu/Data/Project/Ubuntu/Tools/semi-auto-image-annotation-tool-master/Image/65.png,135,135,187,194,face
/media/huiyu/Data/Project/Ubuntu/Tools/semi-auto-image-annotation-tool-master/Image/65.png,244,98,289,148,face
/media/huiyu/Data/Project/Ubuntu/Tools/semi-auto-image-annotation-tool-master/Image/67.png,50,148,497,278,plane
/media/huiyu/Data/Project/Ubuntu/Tools/semi-auto-image-annotation-tool-master/Image/68.png,187,64,295,328,people
/media/huiyu/Data/Project/Ubuntu/Tools/semi-auto-image-annotation-tool-master/Image/68.png,359,58,487,326,people
/media/huiyu/Data/Project/Ubuntu/Tools/semi-auto-image-annotation-tool-master/Image/68.png,193,93,245,145,face
/media/huiyu/Data/Project/Ubuntu/Tools/semi-auto-image-annotation-tool-master/Image/68.png,370,77,431,130,face
/media/huiyu/Data/Project/Ubuntu/Tools/semi-auto-image-annotation-tool-master/Image/68.png,296,244,376,318,hand
/media/huiyu/Data/Project/Ubuntu/Tools/semi-auto-image-annotation-tool-master/Image/69.png,229,154,278,227,face
/media/huiyu/Data/Project/Ubuntu/Tools/semi-auto-image-annotation-tool-master/Image/69.png,204,147,326,366,people
/media/huiyu/Data/Project/Ubuntu/Tools/semi-auto-image-annotation-tool-master/Image/7.png,31,85,135,214,face
/media/huiyu/Data/Project/Ubuntu/Tools/semi-auto-image-annotation-tool-master/Image/7.png,249,118,341,224,face
/media/huiyu/Data/Project/Ubuntu/Tools/semi-auto-image-annotation-tool-master/Image/7.png,333,48,420,151,face
/media/huiyu/Data/Project/Ubuntu/Tools/semi-auto-image-annotation-tool-master/Image/7.png,200,57,256,124,face
/media/huiyu/Data/Project/Ubuntu/Tools/semi-auto-image-annotation-tool-master/Image/7.png,71,15,169,94,face
/media/huiyu/Data/Project/Ubuntu/Tools/semi-auto-image-annotation-tool-master/Image/70.png,135,109,240,223,face
/media/huiyu/Data/Project/Ubuntu/Tools/semi-auto-image-annotation-tool-master/Image/72.png,206,229,259,249,car
/media/huiyu/Data/Project/Ubuntu/Tools/semi-auto-image-annotation-tool-master/Image/72.png,270,226,296,246,car
/media/huiyu/Data/Project/Ubuntu/Tools/semi-auto-image-annotation-tool-master/Image/72.png,312,229,339,244,car
/media/huiyu/Data/Project/Ubuntu/Tools/semi-auto-image-annotation-tool-master/Image/73.png,158,11,341,174,object
/media/huiyu/Data/Project/Ubuntu/Tools/semi-auto-image-annotation-tool-master/Image/74.png,133,104,459,326,car
/media/huiyu/Data/Project/Ubuntu/Tools/semi-auto-image-annotation-tool-master/Image/74.png,35,39,197,127,people group
/media/huiyu/Data/Project/Ubuntu/Tools/semi-auto-image-annotation-tool-master/Image/75.png,65,193,453,299,plane
/media/huiyu/Data/Project/Ubuntu/Tools/semi-auto-image-annotation-tool-master/Image/75.png,300,290,360,360,people group
/media/huiyu/Data/Project/Ubuntu/Tools/semi-auto-image-annotation-tool-master/Image/75.png,101,290,158,371,people group
/media/huiyu/Data/Project/Ubuntu/Tools/semi-auto-image-annotation-tool-master/Image/75.png,181,291,209,360,people
/media/huiyu/Data/Project/Ubuntu/Tools/semi-auto-image-annotation-tool-master/Image/76.png,143,290,266,332,car
/media/huiyu/Data/Project/Ubuntu/Tools/semi-auto-image-annotation-tool-master/Image/76.png,208,105,317,250,building
/media/huiyu/Data/Project/Ubuntu/Tools/semi-auto-image-annotation-tool-master/Image/76.png,417,197,499,255,building
/media/huiyu/Data/Project/Ubuntu/Tools/semi-auto-image-annotation-tool-master/Image/77.png,5,183,472,255,food
/media/huiyu/Data/Project/Ubuntu/Tools/semi-auto-image-annotation-tool-master/Image/77.png,170,112,413,186,food
/media/huiyu/Data/Project/Ubuntu/Tools/semi-auto-image-annotation-tool-master/Image/78.png,174,29,432,229,building
/media/huiyu/Data/Project/Ubuntu/Tools/semi-auto-image-annotation-tool-master/Image/79.png,93,26,267,475,object
/media/huiyu/Data/Project/Ubuntu/Tools/semi-auto-image-annotation-tool-master/Image/8.png,139,58,398,313,animal
/media/huiyu/Data/Project/Ubuntu/Tools/semi-auto-image-annotation-tool-master/Image/80.png,76,147,324,226,object
/media/huiyu/Data/Project/Ubuntu/Tools/semi-auto-image-annotation-tool-master/Image/80.png,79,240,276,354,object
/media/huiyu/Data/Project/Ubuntu/Tools/semi-auto-image-annotation-tool-master/Image/80.png,343,151,489,245,object
/media/huiyu/Data/Project/Ubuntu/Tools/semi-auto-image-annotation-tool-master/Image/80.png,89,38,321,137,object
/media/huiyu/Data/Project/Ubuntu/Tools/semi-auto-image-annotation-tool-master/Image/81.png,150,74,310,500,building
/media/huiyu/Data/Project/Ubuntu/Tools/semi-auto-image-annotation-tool-master/Image/82.png,48,164,212,249,animal
/media/huiyu/Data/Project/Ubuntu/Tools/semi-auto-image-annotation-tool-master/Image/82.png,243,186,434,314,object
/media/huiyu/Data/Project/Ubuntu/Tools/semi-auto-image-annotation-tool-master/Image/82.png,240,114,291,195,people
/media/huiyu/Data/Project/Ubuntu/Tools/semi-auto-image-annotation-tool-master/Image/82.png,292,125,337,177,people
/media/huiyu/Data/Project/Ubuntu/Tools/semi-auto-image-annotation-tool-master/Image/83.png,163,21,220,315,building
/media/huiyu/Data/Project/Ubuntu/Tools/semi-auto-image-annotation-tool-master/Image/83.png,169,316,218,454,people
/media/huiyu/Data/Project/Ubuntu/Tools/semi-auto-image-annotation-tool-master/Image/83.png,92,323,131,437,people
/media/huiyu/Data/Project/Ubuntu/Tools/semi-auto-image-annotation-tool-master/Image/84.png,79,94,180,204,object
/media/huiyu/Data/Project/Ubuntu/Tools/semi-auto-image-annotation-tool-master/Image/84.png,197,96,298,201,object
/media/huiyu/Data/Project/Ubuntu/Tools/semi-auto-image-annotation-tool-master/Image/84.png,316,101,426,200,object
/media/huiyu/Data/Project/Ubuntu/Tools/semi-auto-image-annotation-tool-master/Image/85.png,84,60,476,268,plane
/media/huiyu/Data/Project/Ubuntu/Tools/semi-auto-image-annotation-tool-master/Image/86.png,201,131,379,299,animal
/media/huiyu/Data/Project/Ubuntu/Tools/semi-auto-image-annotation-tool-master/Image/87.png,321,64,456,327,people
/media/huiyu/Data/Project/Ubuntu/Tools/semi-auto-image-annotation-tool-master/Image/88.png,38,49,443,229,train
/media/huiyu/Data/Project/Ubuntu/Tools/semi-auto-image-annotation-tool-master/Image/89.png,51,76,464,310,car
/media/huiyu/Data/Project/Ubuntu/Tools/semi-auto-image-annotation-tool-master/Image/9.png,163,357,493,493,building
/media/huiyu/Data/Project/Ubuntu/Tools/semi-auto-image-annotation-tool-master/Image/9.png,5,1,126,464,building
/media/huiyu/Data/Project/Ubuntu/Tools/semi-auto-image-annotation-tool-master/Image/9.png,225,39,327,342,building
/media/huiyu/Data/Project/Ubuntu/Tools/semi-auto-image-annotation-tool-master/Image/9.png,133,240,217,354,building
/media/huiyu/Data/Project/Ubuntu/Tools/semi-auto-image-annotation-tool-master/Image/90.png,80,33,173,320,object
/media/huiyu/Data/Project/Ubuntu/Tools/semi-auto-image-annotation-tool-master/Image/90.png,176,248,220,274,car
/media/huiyu/Data/Project/Ubuntu/Tools/semi-auto-image-annotation-tool-master/Image/90.png,226,248,266,271,car
/media/huiyu/Data/Project/Ubuntu/Tools/semi-auto-image-annotation-tool-master/Image/90.png,305,246,380,281,car
/media/huiyu/Data/Project/Ubuntu/Tools/semi-auto-image-annotation-tool-master/Image/90.png,24,257,73,291,car
/media/huiyu/Data/Project/Ubuntu/Tools/semi-auto-image-annotation-tool-master/Image/91.png,199,124,456,322,face
/media/huiyu/Data/Project/Ubuntu/Tools/semi-auto-image-annotation-tool-master/Image/91.png,49,139,216,240,hand
/media/huiyu/Data/Project/Ubuntu/Tools/semi-auto-image-annotation-tool-master/Image/92.png,311,57,365,125,face
/media/huiyu/Data/Project/Ubuntu/Tools/semi-auto-image-annotation-tool-master/Image/92.png,262,49,441,323,people
/media/huiyu/Data/Project/Ubuntu/Tools/semi-auto-image-annotation-tool-master/Image/93.png,142,55,319,312,people
/media/huiyu/Data/Project/Ubuntu/Tools/semi-auto-image-annotation-tool-master/Image/93.png,208,122,277,200,face
/media/huiyu/Data/Project/Ubuntu/Tools/semi-auto-image-annotation-tool-master/Image/93.png,332,148,402,242,hand
/media/huiyu/Data/Project/Ubuntu/Tools/semi-auto-image-annotation-tool-master/Image/94.png,92,86,321,254,animal
/media/huiyu/Data/Project/Ubuntu/Tools/semi-auto-image-annotation-tool-master/Image/94.png,332,65,437,156,plant
/media/huiyu/Data/Project/Ubuntu/Tools/semi-auto-image-annotation-tool-master/Image/95.png,215,150,414,253,text
/media/huiyu/Data/Project/Ubuntu/Tools/semi-auto-image-annotation-tool-master/Image/95.png,40,35,473,337,car
/media/huiyu/Data/Project/Ubuntu/Tools/semi-auto-image-annotation-tool-master/Image/95.png,396,69,491,98,text
/media/huiyu/Data/Project/Ubuntu/Tools/semi-auto-image-annotation-tool-master/Image/96.png,190,19,237,81,animal
/media/huiyu/Data/Project/Ubuntu/Tools/semi-auto-image-annotation-tool-master/Image/96.png,242,85,298,144,animal
/media/huiyu/Data/Project/Ubuntu/Tools/semi-auto-image-annotation-tool-master/Image/96.png,129,96,155,139,animal
/media/huiyu/Data/Project/Ubuntu/Tools/semi-auto-image-annotation-tool-master/Image/96.png,160,74,186,115,animal
/media/huiyu/Data/Project/Ubuntu/Tools/semi-auto-image-annotation-tool-master/Image/96.png,74,99,126,153,animal
/media/huiyu/Data/Project/Ubuntu/Tools/semi-auto-image-annotation-tool-master/Image/97.png,166,32,426,310,animal
/media/huiyu/Data/Project/Ubuntu/Tools/semi-auto-image-annotation-tool-master/Image/98.png,165,134,375,254,animal
/media/huiyu/Data/Project/Ubuntu/Tools/semi-auto-image-annotation-tool-master/Image/99.png,160,144,193,193,face
/media/huiyu/Data/Project/Ubuntu/Tools/semi-auto-image-annotation-tool-master/Image/99.png,128,140,215,332,people
